{
  "jobId": "4e7aeb51-7836-49ed-9cda-a66f62f2741e",
  "currentStage": "BUNDLE",
  "stages": {
    "GENERATION": {
      "stage": "GENERATION",
      "status": "success",
      "logs": [
        {
          "timestamp": "2025-10-13T05:38:24.724Z",
          "level": "info",
          "message": "Starting AI generation...",
          "details": "Prompt: \"Test prompt 1\""
        },
        {
          "timestamp": "2025-10-13T05:38:26.679Z",
          "level": "info",
          "message": "AI generation complete"
        }
      ],
      "startedAt": "2025-10-13T05:38:24.706Z",
      "completedAt": "2025-10-13T05:38:26.679Z"
    },
    "ASSEMBLY": {
      "stage": "ASSEMBLY",
      "status": "success",
      "logs": [
        {
          "timestamp": "2025-10-13T05:38:26.680Z",
          "level": "info",
          "message": "Assembling files and components..."
        },
        {
          "timestamp": "2025-10-13T05:38:26.682Z",
          "level": "info",
          "message": "Preview HTML generated"
        }
      ],
      "startedAt": "2025-10-13T05:38:26.680Z",
      "completedAt": "2025-10-13T05:38:26.682Z",
      "artifacts": [
        {
          "label": "Preview HTML",
          "url": "/previews/4e7aeb51-7836-49ed-9cda-a66f62f2741e/index.html"
        }
      ]
    },
    "LINT": {
      "stage": "LINT",
      "status": "success",
      "logs": [
        {
          "timestamp": "2025-10-13T05:38:26.689Z",
          "level": "info",
          "message": "Running code quality checks..."
        },
        {
          "timestamp": "2025-10-13T05:38:26.992Z",
          "level": "info",
          "message": "HTML structure validated"
        },
        {
          "timestamp": "2025-10-13T05:38:26.993Z",
          "level": "info",
          "message": "CSS syntax checked"
        }
      ],
      "startedAt": "2025-10-13T05:38:26.687Z",
      "completedAt": "2025-10-13T05:38:26.993Z"
    },
    "TEST": {
      "stage": "TEST",
      "status": "success",
      "logs": [
        {
          "timestamp": "2025-10-13T05:38:27.004Z",
          "level": "info",
          "message": "Running basic tests..."
        },
        {
          "timestamp": "2025-10-13T05:38:27.404Z",
          "level": "info",
          "message": "Responsive design check: passed"
        },
        {
          "timestamp": "2025-10-13T05:38:27.405Z",
          "level": "info",
          "message": "Accessibility validation: passed"
        }
      ],
      "startedAt": "2025-10-13T05:38:27.002Z",
      "completedAt": "2025-10-13T05:38:27.407Z"
    },
    "BUNDLE": {
      "stage": "BUNDLE",
      "status": "success",
      "logs": [
        {
          "timestamp": "2025-10-13T05:38:27.408Z",
          "level": "info",
          "message": "Finalizing bundle..."
        },
        {
          "timestamp": "2025-10-13T05:38:27.710Z",
          "level": "info",
          "message": "Assets optimized"
        },
        {
          "timestamp": "2025-10-13T05:38:27.711Z",
          "level": "info",
          "message": "Bundle complete"
        }
      ],
      "startedAt": "2025-10-13T05:38:27.407Z",
      "completedAt": "2025-10-13T05:38:27.712Z",
      "artifacts": [
        {
          "label": "Final Build",
          "url": "/previews/4e7aeb51-7836-49ed-9cda-a66f62f2741e/index.html"
        }
      ]
    }
  },
  "summaryLog": "Build completed successfully for job 4e7aeb51-7836-49ed-9cda-a66f62f2741e\nGenerated from prompt: \"Test prompt 1\"\nAll 5 stages passed: GENERATION → ASSEMBLY → LINT → TEST → BUNDLE\nPreview available at: /previews/4e7aeb51-7836-49ed-9cda-a66f62f2741e/index.html"
}