{
  "jobId": "c387d0e3-375a-4ebb-b9d0-8c508bf7b43a",
  "currentStage": "BUNDLE",
  "stages": {
    "GENERATION": {
      "stage": "GENERATION",
      "status": "success",
      "logs": [
        {
          "timestamp": "2025-10-14T10:03:04.817Z",
          "level": "info",
          "message": "Starting AI generation...",
          "details": "Prompt: \"hjhthdr\""
        },
        {
          "timestamp": "2025-10-14T10:03:05.912Z",
          "level": "info",
          "message": "AI generation complete"
        }
      ],
      "startedAt": "2025-10-14T10:03:04.815Z",
      "completedAt": "2025-10-14T10:03:05.912Z"
    },
    "ASSEMBLY": {
      "stage": "ASSEMBLY",
      "status": "success",
      "logs": [
        {
          "timestamp": "2025-10-14T10:03:05.913Z",
          "level": "info",
          "message": "Assembling files and components..."
        },
        {
          "timestamp": "2025-10-14T10:03:05.916Z",
          "level": "info",
          "message": "Preview HTML generated"
        }
      ],
      "startedAt": "2025-10-14T10:03:05.913Z",
      "completedAt": "2025-10-14T10:03:05.916Z",
      "artifacts": [
        {
          "label": "Preview HTML",
          "url": "/previews/c387d0e3-375a-4ebb-b9d0-8c508bf7b43a/index.html"
        }
      ]
    },
    "LINT": {
      "stage": "LINT",
      "status": "success",
      "logs": [
        {
          "timestamp": "2025-10-14T10:03:05.918Z",
          "level": "info",
          "message": "Running code quality checks..."
        },
        {
          "timestamp": "2025-10-14T10:03:06.219Z",
          "level": "info",
          "message": "HTML structure validated"
        },
        {
          "timestamp": "2025-10-14T10:03:06.219Z",
          "level": "info",
          "message": "CSS syntax checked"
        }
      ],
      "startedAt": "2025-10-14T10:03:05.917Z",
      "completedAt": "2025-10-14T10:03:06.220Z"
    },
    "TEST": {
      "stage": "TEST",
      "status": "success",
      "logs": [
        {
          "timestamp": "2025-10-14T10:03:06.278Z",
          "level": "info",
          "message": "Running basic tests..."
        },
        {
          "timestamp": "2025-10-14T10:03:06.681Z",
          "level": "info",
          "message": "Responsive design check: passed"
        },
        {
          "timestamp": "2025-10-14T10:03:06.686Z",
          "level": "info",
          "message": "Accessibility validation: passed"
        }
      ],
      "startedAt": "2025-10-14T10:03:06.277Z",
      "completedAt": "2025-10-14T10:03:06.687Z"
    },
    "BUNDLE": {
      "stage": "BUNDLE",
      "status": "success",
      "logs": [
        {
          "timestamp": "2025-10-14T10:03:06.700Z",
          "level": "info",
          "message": "Finalizing bundle..."
        },
        {
          "timestamp": "2025-10-14T10:03:07.003Z",
          "level": "info",
          "message": "Assets optimized"
        },
        {
          "timestamp": "2025-10-14T10:03:07.004Z",
          "level": "info",
          "message": "Bundle complete"
        }
      ],
      "startedAt": "2025-10-14T10:03:06.688Z",
      "completedAt": "2025-10-14T10:03:07.006Z",
      "artifacts": [
        {
          "label": "Final Build",
          "url": "/previews/c387d0e3-375a-4ebb-b9d0-8c508bf7b43a/index.html"
        }
      ]
    }
  },
  "summaryLog": "Build completed successfully for job c387d0e3-375a-4ebb-b9d0-8c508bf7b43a\nGenerated from prompt: \"hjhthdr\"\nAll 5 stages passed: GENERATION → ASSEMBLY → LINT → TEST → BUNDLE\nPreview available at: /previews/c387d0e3-375a-4ebb-b9d0-8c508bf7b43a/index.html"
}