{
  "jobId": "e59e3459-da9e-4db0-8f70-17a5c0a03edf",
  "currentStage": "BUNDLE",
  "stages": {
    "GENERATION": {
      "stage": "GENERATION",
      "status": "success",
      "logs": [
        {
          "timestamp": "2025-10-13T14:41:29.332Z",
          "level": "info",
          "message": "Starting AI generation...",
          "details": "Prompt: \"security test\""
        },
        {
          "timestamp": "2025-10-13T14:41:30.588Z",
          "level": "info",
          "message": "AI generation complete"
        }
      ],
      "startedAt": "2025-10-13T14:41:29.331Z",
      "completedAt": "2025-10-13T14:41:30.589Z"
    },
    "ASSEMBLY": {
      "stage": "ASSEMBLY",
      "status": "success",
      "logs": [
        {
          "timestamp": "2025-10-13T14:41:30.590Z",
          "level": "info",
          "message": "Assembling files and components..."
        },
        {
          "timestamp": "2025-10-13T14:41:30.591Z",
          "level": "info",
          "message": "Preview HTML generated"
        }
      ],
      "startedAt": "2025-10-13T14:41:30.589Z",
      "completedAt": "2025-10-13T14:41:30.592Z",
      "artifacts": [
        {
          "label": "Preview HTML",
          "url": "/previews/e59e3459-da9e-4db0-8f70-17a5c0a03edf/index.html"
        }
      ]
    },
    "LINT": {
      "stage": "LINT",
      "status": "success",
      "logs": [
        {
          "timestamp": "2025-10-13T14:41:30.594Z",
          "level": "info",
          "message": "Running code quality checks..."
        },
        {
          "timestamp": "2025-10-13T14:41:30.896Z",
          "level": "info",
          "message": "HTML structure validated"
        },
        {
          "timestamp": "2025-10-13T14:41:30.897Z",
          "level": "info",
          "message": "CSS syntax checked"
        }
      ],
      "startedAt": "2025-10-13T14:41:30.593Z",
      "completedAt": "2025-10-13T14:41:30.898Z"
    },
    "TEST": {
      "stage": "TEST",
      "status": "success",
      "logs": [
        {
          "timestamp": "2025-10-13T14:41:30.900Z",
          "level": "info",
          "message": "Running basic tests..."
        },
        {
          "timestamp": "2025-10-13T14:41:31.302Z",
          "level": "info",
          "message": "Responsive design check: passed"
        },
        {
          "timestamp": "2025-10-13T14:41:31.302Z",
          "level": "info",
          "message": "Accessibility validation: passed"
        }
      ],
      "startedAt": "2025-10-13T14:41:30.899Z",
      "completedAt": "2025-10-13T14:41:31.305Z"
    },
    "BUNDLE": {
      "stage": "BUNDLE",
      "status": "success",
      "logs": [
        {
          "timestamp": "2025-10-13T14:41:31.306Z",
          "level": "info",
          "message": "Finalizing bundle..."
        },
        {
          "timestamp": "2025-10-13T14:41:31.608Z",
          "level": "info",
          "message": "Assets optimized"
        },
        {
          "timestamp": "2025-10-13T14:41:31.609Z",
          "level": "info",
          "message": "Bundle complete"
        }
      ],
      "startedAt": "2025-10-13T14:41:31.305Z",
      "completedAt": "2025-10-13T14:41:31.610Z",
      "artifacts": [
        {
          "label": "Final Build",
          "url": "/previews/e59e3459-da9e-4db0-8f70-17a5c0a03edf/index.html"
        }
      ]
    }
  },
  "summaryLog": "Build completed successfully for job e59e3459-da9e-4db0-8f70-17a5c0a03edf\nGenerated from prompt: \"security test\"\nAll 5 stages passed: GENERATION → ASSEMBLY → LINT → TEST → BUNDLE\nPreview available at: /previews/e59e3459-da9e-4db0-8f70-17a5c0a03edf/index.html"
}