{
  "jobId": "e252aa4c-03a3-4ae5-93eb-33c2bde2033b",
  "currentStage": "BUNDLE",
  "stages": {
    "GENERATION": {
      "stage": "GENERATION",
      "status": "success",
      "logs": [
        {
          "timestamp": "2025-10-13T14:57:25.201Z",
          "level": "info",
          "message": "Starting AI generation...",
          "details": "Prompt: \"upload test\""
        },
        {
          "timestamp": "2025-10-13T14:57:26.387Z",
          "level": "info",
          "message": "AI generation complete"
        }
      ],
      "startedAt": "2025-10-13T14:57:25.201Z",
      "completedAt": "2025-10-13T14:57:26.388Z"
    },
    "ASSEMBLY": {
      "stage": "ASSEMBLY",
      "status": "success",
      "logs": [
        {
          "timestamp": "2025-10-13T14:57:26.389Z",
          "level": "info",
          "message": "Assembling files and components..."
        },
        {
          "timestamp": "2025-10-13T14:57:26.390Z",
          "level": "info",
          "message": "Preview HTML generated"
        }
      ],
      "startedAt": "2025-10-13T14:57:26.388Z",
      "completedAt": "2025-10-13T14:57:26.390Z",
      "artifacts": [
        {
          "label": "Preview HTML",
          "url": "/previews/e252aa4c-03a3-4ae5-93eb-33c2bde2033b/index.html"
        }
      ]
    },
    "LINT": {
      "stage": "LINT",
      "status": "success",
      "logs": [
        {
          "timestamp": "2025-10-13T14:57:26.392Z",
          "level": "info",
          "message": "Running code quality checks..."
        },
        {
          "timestamp": "2025-10-13T14:57:26.695Z",
          "level": "info",
          "message": "HTML structure validated"
        },
        {
          "timestamp": "2025-10-13T14:57:26.696Z",
          "level": "info",
          "message": "CSS syntax checked"
        }
      ],
      "startedAt": "2025-10-13T14:57:26.391Z",
      "completedAt": "2025-10-13T14:57:26.697Z"
    },
    "TEST": {
      "stage": "TEST",
      "status": "success",
      "logs": [
        {
          "timestamp": "2025-10-13T14:57:26.714Z",
          "level": "info",
          "message": "Running basic tests..."
        },
        {
          "timestamp": "2025-10-13T14:57:27.115Z",
          "level": "info",
          "message": "Responsive design check: passed"
        },
        {
          "timestamp": "2025-10-13T14:57:27.116Z",
          "level": "info",
          "message": "Accessibility validation: passed"
        }
      ],
      "startedAt": "2025-10-13T14:57:26.712Z",
      "completedAt": "2025-10-13T14:57:27.116Z"
    },
    "BUNDLE": {
      "stage": "BUNDLE",
      "status": "success",
      "logs": [
        {
          "timestamp": "2025-10-13T14:57:27.118Z",
          "level": "info",
          "message": "Finalizing bundle..."
        },
        {
          "timestamp": "2025-10-13T14:57:27.419Z",
          "level": "info",
          "message": "Assets optimized"
        },
        {
          "timestamp": "2025-10-13T14:57:27.420Z",
          "level": "info",
          "message": "Bundle complete"
        }
      ],
      "startedAt": "2025-10-13T14:57:27.117Z",
      "completedAt": "2025-10-13T14:57:27.421Z",
      "artifacts": [
        {
          "label": "Final Build",
          "url": "/previews/e252aa4c-03a3-4ae5-93eb-33c2bde2033b/index.html"
        }
      ]
    }
  },
  "summaryLog": "Build completed successfully for job e252aa4c-03a3-4ae5-93eb-33c2bde2033b\nGenerated from prompt: \"upload test\"\nAll 5 stages passed: GENERATION → ASSEMBLY → LINT → TEST → BUNDLE\nPreview available at: /previews/e252aa4c-03a3-4ae5-93eb-33c2bde2033b/index.html"
}