{
  "jobId": "f89ae4f2-7196-4ac1-b42b-69b0a1456d00",
  "userId": "demo",
  "thumbnail": "/previews/f89ae4f2-7196-4ac1-b42b-69b0a1456d00/index.html",
  "title": "cgjhkjl",
  "description": "ydtfugyiuhoijpo",
  "theme": "monochrome",
  "heroText": "fyjkguk",
  "palette": {
    "primary": "#000000",
    "secondary": "#ffffff",
    "accent": "#808080"
  },
  "assetUrls": [],
  "draftId": "ef15d812-1f38-4c04-b4d6-93b2623893af",
  "createdAt": "2025-10-12T09:29:40.837Z",
  "updatedAt": "2025-10-12T09:29:40.837Z"
}