{
  "jobId": "b616349c-0441-4011-ab9d-f699a0b4ef34",
  "currentStage": "BUNDLE",
  "stages": {
    "GENERATION": {
      "stage": "GENERATION",
      "status": "success",
      "logs": [
        {
          "timestamp": "2025-10-13T14:45:41.169Z",
          "level": "info",
          "message": "Starting AI generation...",
          "details": "Prompt: \"Test prompt 4\""
        },
        {
          "timestamp": "2025-10-13T14:45:42.260Z",
          "level": "info",
          "message": "AI generation complete"
        }
      ],
      "startedAt": "2025-10-13T14:45:41.167Z",
      "completedAt": "2025-10-13T14:45:42.262Z"
    },
    "ASSEMBLY": {
      "stage": "ASSEMBLY",
      "status": "success",
      "logs": [
        {
          "timestamp": "2025-10-13T14:45:42.265Z",
          "level": "info",
          "message": "Assembling files and components..."
        },
        {
          "timestamp": "2025-10-13T14:45:42.270Z",
          "level": "info",
          "message": "Preview HTML generated"
        }
      ],
      "startedAt": "2025-10-13T14:45:42.264Z",
      "completedAt": "2025-10-13T14:45:42.272Z",
      "artifacts": [
        {
          "label": "Preview HTML",
          "url": "/previews/b616349c-0441-4011-ab9d-f699a0b4ef34/index.html"
        }
      ]
    },
    "LINT": {
      "stage": "LINT",
      "status": "success",
      "logs": [
        {
          "timestamp": "2025-10-13T14:45:42.279Z",
          "level": "info",
          "message": "Running code quality checks..."
        },
        {
          "timestamp": "2025-10-13T14:45:42.584Z",
          "level": "info",
          "message": "HTML structure validated"
        },
        {
          "timestamp": "2025-10-13T14:45:42.590Z",
          "level": "info",
          "message": "CSS syntax checked"
        }
      ],
      "startedAt": "2025-10-13T14:45:42.276Z",
      "completedAt": "2025-10-13T14:45:42.594Z"
    },
    "TEST": {
      "stage": "TEST",
      "status": "success",
      "logs": [
        {
          "timestamp": "2025-10-13T14:45:42.599Z",
          "level": "info",
          "message": "Running basic tests..."
        },
        {
          "timestamp": "2025-10-13T14:45:43.001Z",
          "level": "info",
          "message": "Responsive design check: passed"
        },
        {
          "timestamp": "2025-10-13T14:45:43.003Z",
          "level": "info",
          "message": "Accessibility validation: passed"
        }
      ],
      "startedAt": "2025-10-13T14:45:42.596Z",
      "completedAt": "2025-10-13T14:45:43.005Z"
    },
    "BUNDLE": {
      "stage": "BUNDLE",
      "status": "success",
      "logs": [
        {
          "timestamp": "2025-10-13T14:45:43.009Z",
          "level": "info",
          "message": "Finalizing bundle..."
        },
        {
          "timestamp": "2025-10-13T14:45:43.312Z",
          "level": "info",
          "message": "Assets optimized"
        },
        {
          "timestamp": "2025-10-13T14:45:43.315Z",
          "level": "info",
          "message": "Bundle complete"
        }
      ],
      "startedAt": "2025-10-13T14:45:43.007Z",
      "completedAt": "2025-10-13T14:45:43.318Z",
      "artifacts": [
        {
          "label": "Final Build",
          "url": "/previews/b616349c-0441-4011-ab9d-f699a0b4ef34/index.html"
        }
      ]
    }
  },
  "summaryLog": "Build completed successfully for job b616349c-0441-4011-ab9d-f699a0b4ef34\nGenerated from prompt: \"Test prompt 4\"\nAll 5 stages passed: GENERATION → ASSEMBLY → LINT → TEST → BUNDLE\nPreview available at: /previews/b616349c-0441-4011-ab9d-f699a0b4ef34/index.html"
}