{
  "jobId": "9931db11-2739-4956-8071-e331f70ac6a1",
  "currentStage": "BUNDLE",
  "stages": {
    "GENERATION": {
      "stage": "GENERATION",
      "status": "success",
      "logs": [
        {
          "timestamp": "2025-10-13T14:41:25.449Z",
          "level": "info",
          "message": "Starting AI generation...",
          "details": "Prompt: \"Test UUID roundtrip integrity\""
        },
        {
          "timestamp": "2025-10-13T14:41:26.984Z",
          "level": "info",
          "message": "AI generation complete"
        }
      ],
      "startedAt": "2025-10-13T14:41:25.446Z",
      "completedAt": "2025-10-13T14:41:26.987Z"
    },
    "ASSEMBLY": {
      "stage": "ASSEMBLY",
      "status": "success",
      "logs": [
        {
          "timestamp": "2025-10-13T14:41:26.993Z",
          "level": "info",
          "message": "Assembling files and components..."
        },
        {
          "timestamp": "2025-10-13T14:41:27.000Z",
          "level": "info",
          "message": "Preview HTML generated"
        }
      ],
      "startedAt": "2025-10-13T14:41:26.989Z",
      "completedAt": "2025-10-13T14:41:27.005Z",
      "artifacts": [
        {
          "label": "Preview HTML",
          "url": "/previews/9931db11-2739-4956-8071-e331f70ac6a1/index.html"
        }
      ]
    },
    "LINT": {
      "stage": "LINT",
      "status": "success",
      "logs": [
        {
          "timestamp": "2025-10-13T14:41:27.018Z",
          "level": "info",
          "message": "Running code quality checks..."
        },
        {
          "timestamp": "2025-10-13T14:41:27.323Z",
          "level": "info",
          "message": "HTML structure validated"
        },
        {
          "timestamp": "2025-10-13T14:41:27.329Z",
          "level": "info",
          "message": "CSS syntax checked"
        }
      ],
      "startedAt": "2025-10-13T14:41:27.015Z",
      "completedAt": "2025-10-13T14:41:27.334Z"
    },
    "TEST": {
      "stage": "TEST",
      "status": "success",
      "logs": [
        {
          "timestamp": "2025-10-13T14:41:27.341Z",
          "level": "info",
          "message": "Running basic tests..."
        },
        {
          "timestamp": "2025-10-13T14:41:27.743Z",
          "level": "info",
          "message": "Responsive design check: passed"
        },
        {
          "timestamp": "2025-10-13T14:41:27.746Z",
          "level": "info",
          "message": "Accessibility validation: passed"
        }
      ],
      "startedAt": "2025-10-13T14:41:27.338Z",
      "completedAt": "2025-10-13T14:41:27.749Z"
    },
    "BUNDLE": {
      "stage": "BUNDLE",
      "status": "success",
      "logs": [
        {
          "timestamp": "2025-10-13T14:41:27.754Z",
          "level": "info",
          "message": "Finalizing bundle..."
        },
        {
          "timestamp": "2025-10-13T14:41:28.062Z",
          "level": "info",
          "message": "Assets optimized"
        },
        {
          "timestamp": "2025-10-13T14:41:28.065Z",
          "level": "info",
          "message": "Bundle complete"
        }
      ],
      "startedAt": "2025-10-13T14:41:27.751Z",
      "completedAt": "2025-10-13T14:41:28.068Z",
      "artifacts": [
        {
          "label": "Final Build",
          "url": "/previews/9931db11-2739-4956-8071-e331f70ac6a1/index.html"
        }
      ]
    }
  },
  "summaryLog": "Build completed successfully for job 9931db11-2739-4956-8071-e331f70ac6a1\nGenerated from prompt: \"Test UUID roundtrip integrity\"\nAll 5 stages passed: GENERATION → ASSEMBLY → LINT → TEST → BUNDLE\nPreview available at: /previews/9931db11-2739-4956-8071-e331f70ac6a1/index.html"
}