{
  "jobId": "eb96063d-6a68-444c-aeba-3b3f94436c8b",
  "currentStage": "BUNDLE",
  "stages": {
    "GENERATION": {
      "stage": "GENERATION",
      "status": "success",
      "logs": [
        {
          "timestamp": "2025-10-13T05:52:09.896Z",
          "level": "info",
          "message": "Starting AI generation...",
          "details": "Prompt: \"security test\""
        },
        {
          "timestamp": "2025-10-13T05:52:11.528Z",
          "level": "info",
          "message": "AI generation complete"
        }
      ],
      "startedAt": "2025-10-13T05:52:09.895Z",
      "completedAt": "2025-10-13T05:52:11.529Z"
    },
    "ASSEMBLY": {
      "stage": "ASSEMBLY",
      "status": "success",
      "logs": [
        {
          "timestamp": "2025-10-13T05:52:11.530Z",
          "level": "info",
          "message": "Assembling files and components..."
        },
        {
          "timestamp": "2025-10-13T05:52:11.531Z",
          "level": "info",
          "message": "Preview HTML generated"
        }
      ],
      "startedAt": "2025-10-13T05:52:11.529Z",
      "completedAt": "2025-10-13T05:52:11.532Z",
      "artifacts": [
        {
          "label": "Preview HTML",
          "url": "/previews/eb96063d-6a68-444c-aeba-3b3f94436c8b/index.html"
        }
      ]
    },
    "LINT": {
      "stage": "LINT",
      "status": "success",
      "logs": [
        {
          "timestamp": "2025-10-13T05:52:11.535Z",
          "level": "info",
          "message": "Running code quality checks..."
        },
        {
          "timestamp": "2025-10-13T05:52:11.838Z",
          "level": "info",
          "message": "HTML structure validated"
        },
        {
          "timestamp": "2025-10-13T05:52:11.839Z",
          "level": "info",
          "message": "CSS syntax checked"
        }
      ],
      "startedAt": "2025-10-13T05:52:11.533Z",
      "completedAt": "2025-10-13T05:52:11.839Z"
    },
    "TEST": {
      "stage": "TEST",
      "status": "success",
      "logs": [
        {
          "timestamp": "2025-10-13T05:52:11.841Z",
          "level": "info",
          "message": "Running basic tests..."
        },
        {
          "timestamp": "2025-10-13T05:52:12.242Z",
          "level": "info",
          "message": "Responsive design check: passed"
        },
        {
          "timestamp": "2025-10-13T05:52:12.243Z",
          "level": "info",
          "message": "Accessibility validation: passed"
        }
      ],
      "startedAt": "2025-10-13T05:52:11.840Z",
      "completedAt": "2025-10-13T05:52:12.244Z"
    },
    "BUNDLE": {
      "stage": "BUNDLE",
      "status": "success",
      "logs": [
        {
          "timestamp": "2025-10-13T05:52:12.247Z",
          "level": "info",
          "message": "Finalizing bundle..."
        },
        {
          "timestamp": "2025-10-13T05:52:12.548Z",
          "level": "info",
          "message": "Assets optimized"
        },
        {
          "timestamp": "2025-10-13T05:52:12.548Z",
          "level": "info",
          "message": "Bundle complete"
        }
      ],
      "startedAt": "2025-10-13T05:52:12.246Z",
      "completedAt": "2025-10-13T05:52:12.549Z",
      "artifacts": [
        {
          "label": "Final Build",
          "url": "/previews/eb96063d-6a68-444c-aeba-3b3f94436c8b/index.html"
        }
      ]
    }
  },
  "summaryLog": "Build completed successfully for job eb96063d-6a68-444c-aeba-3b3f94436c8b\nGenerated from prompt: \"security test\"\nAll 5 stages passed: GENERATION → ASSEMBLY → LINT → TEST → BUNDLE\nPreview available at: /previews/eb96063d-6a68-444c-aeba-3b3f94436c8b/index.html"
}