{
  "jobId": "01aa427b-550a-4b72-b5cc-55888d894344",
  "currentStage": "BUNDLE",
  "stages": {
    "GENERATION": {
      "stage": "GENERATION",
      "status": "success",
      "logs": [
        {
          "timestamp": "2025-10-13T14:51:31.190Z",
          "level": "info",
          "message": "Starting AI generation...",
          "details": "Prompt: \"security test\""
        },
        {
          "timestamp": "2025-10-13T14:51:33.103Z",
          "level": "info",
          "message": "AI generation complete"
        }
      ],
      "startedAt": "2025-10-13T14:51:31.189Z",
      "completedAt": "2025-10-13T14:51:33.104Z"
    },
    "ASSEMBLY": {
      "stage": "ASSEMBLY",
      "status": "success",
      "logs": [
        {
          "timestamp": "2025-10-13T14:51:33.105Z",
          "level": "info",
          "message": "Assembling files and components..."
        },
        {
          "timestamp": "2025-10-13T14:51:33.105Z",
          "level": "info",
          "message": "Preview HTML generated"
        }
      ],
      "startedAt": "2025-10-13T14:51:33.104Z",
      "completedAt": "2025-10-13T14:51:33.106Z",
      "artifacts": [
        {
          "label": "Preview HTML",
          "url": "/previews/01aa427b-550a-4b72-b5cc-55888d894344/index.html"
        }
      ]
    },
    "LINT": {
      "stage": "LINT",
      "status": "success",
      "logs": [
        {
          "timestamp": "2025-10-13T14:51:33.107Z",
          "level": "info",
          "message": "Running code quality checks..."
        },
        {
          "timestamp": "2025-10-13T14:51:33.408Z",
          "level": "info",
          "message": "HTML structure validated"
        },
        {
          "timestamp": "2025-10-13T14:51:33.409Z",
          "level": "info",
          "message": "CSS syntax checked"
        }
      ],
      "startedAt": "2025-10-13T14:51:33.106Z",
      "completedAt": "2025-10-13T14:51:33.410Z"
    },
    "TEST": {
      "stage": "TEST",
      "status": "success",
      "logs": [
        {
          "timestamp": "2025-10-13T14:51:33.417Z",
          "level": "info",
          "message": "Running basic tests..."
        },
        {
          "timestamp": "2025-10-13T14:51:33.818Z",
          "level": "info",
          "message": "Responsive design check: passed"
        },
        {
          "timestamp": "2025-10-13T14:51:33.819Z",
          "level": "info",
          "message": "Accessibility validation: passed"
        }
      ],
      "startedAt": "2025-10-13T14:51:33.416Z",
      "completedAt": "2025-10-13T14:51:33.820Z"
    },
    "BUNDLE": {
      "stage": "BUNDLE",
      "status": "success",
      "logs": [
        {
          "timestamp": "2025-10-13T14:51:33.821Z",
          "level": "info",
          "message": "Finalizing bundle..."
        },
        {
          "timestamp": "2025-10-13T14:51:34.122Z",
          "level": "info",
          "message": "Assets optimized"
        },
        {
          "timestamp": "2025-10-13T14:51:34.123Z",
          "level": "info",
          "message": "Bundle complete"
        }
      ],
      "startedAt": "2025-10-13T14:51:33.820Z",
      "completedAt": "2025-10-13T14:51:34.124Z",
      "artifacts": [
        {
          "label": "Final Build",
          "url": "/previews/01aa427b-550a-4b72-b5cc-55888d894344/index.html"
        }
      ]
    }
  },
  "summaryLog": "Build completed successfully for job 01aa427b-550a-4b72-b5cc-55888d894344\nGenerated from prompt: \"security test\"\nAll 5 stages passed: GENERATION → ASSEMBLY → LINT → TEST → BUNDLE\nPreview available at: /previews/01aa427b-550a-4b72-b5cc-55888d894344/index.html"
}