{
  "jobId": "12fbfd80-68f5-426e-bde6-f39568bf3fae",
  "currentStage": "BUNDLE",
  "stages": {
    "GENERATION": {
      "stage": "GENERATION",
      "status": "success",
      "logs": [
        {
          "timestamp": "2025-10-13T14:45:41.127Z",
          "level": "info",
          "message": "Starting AI generation...",
          "details": "Prompt: \"Test prompt 1\""
        },
        {
          "timestamp": "2025-10-13T14:45:43.060Z",
          "level": "info",
          "message": "AI generation complete"
        }
      ],
      "startedAt": "2025-10-13T14:45:41.124Z",
      "completedAt": "2025-10-13T14:45:43.062Z"
    },
    "ASSEMBLY": {
      "stage": "ASSEMBLY",
      "status": "success",
      "logs": [
        {
          "timestamp": "2025-10-13T14:45:43.068Z",
          "level": "info",
          "message": "Assembling files and components..."
        },
        {
          "timestamp": "2025-10-13T14:45:43.073Z",
          "level": "info",
          "message": "Preview HTML generated"
        }
      ],
      "startedAt": "2025-10-13T14:45:43.065Z",
      "completedAt": "2025-10-13T14:45:43.075Z",
      "artifacts": [
        {
          "label": "Preview HTML",
          "url": "/previews/12fbfd80-68f5-426e-bde6-f39568bf3fae/index.html"
        }
      ]
    },
    "LINT": {
      "stage": "LINT",
      "status": "success",
      "logs": [
        {
          "timestamp": "2025-10-13T14:45:43.080Z",
          "level": "info",
          "message": "Running code quality checks..."
        },
        {
          "timestamp": "2025-10-13T14:45:43.385Z",
          "level": "info",
          "message": "HTML structure validated"
        },
        {
          "timestamp": "2025-10-13T14:45:43.387Z",
          "level": "info",
          "message": "CSS syntax checked"
        }
      ],
      "startedAt": "2025-10-13T14:45:43.078Z",
      "completedAt": "2025-10-13T14:45:43.389Z"
    },
    "TEST": {
      "stage": "TEST",
      "status": "success",
      "logs": [
        {
          "timestamp": "2025-10-13T14:45:43.394Z",
          "level": "info",
          "message": "Running basic tests..."
        },
        {
          "timestamp": "2025-10-13T14:45:43.798Z",
          "level": "info",
          "message": "Responsive design check: passed"
        },
        {
          "timestamp": "2025-10-13T14:45:43.802Z",
          "level": "info",
          "message": "Accessibility validation: passed"
        }
      ],
      "startedAt": "2025-10-13T14:45:43.392Z",
      "completedAt": "2025-10-13T14:45:43.803Z"
    },
    "BUNDLE": {
      "stage": "BUNDLE",
      "status": "success",
      "logs": [
        {
          "timestamp": "2025-10-13T14:45:43.807Z",
          "level": "info",
          "message": "Finalizing bundle..."
        },
        {
          "timestamp": "2025-10-13T14:45:44.111Z",
          "level": "info",
          "message": "Assets optimized"
        },
        {
          "timestamp": "2025-10-13T14:45:44.116Z",
          "level": "info",
          "message": "Bundle complete"
        }
      ],
      "startedAt": "2025-10-13T14:45:43.805Z",
      "completedAt": "2025-10-13T14:45:44.118Z",
      "artifacts": [
        {
          "label": "Final Build",
          "url": "/previews/12fbfd80-68f5-426e-bde6-f39568bf3fae/index.html"
        }
      ]
    }
  },
  "summaryLog": "Build completed successfully for job 12fbfd80-68f5-426e-bde6-f39568bf3fae\nGenerated from prompt: \"Test prompt 1\"\nAll 5 stages passed: GENERATION → ASSEMBLY → LINT → TEST → BUNDLE\nPreview available at: /previews/12fbfd80-68f5-426e-bde6-f39568bf3fae/index.html"
}