{
  "jobId": "ff4f9bca-5481-47d4-8649-81efcd1b5e4a",
  "currentStage": "BUNDLE",
  "stages": {
    "GENERATION": {
      "stage": "GENERATION",
      "status": "success",
      "logs": [
        {
          "timestamp": "2025-10-13T14:53:57.838Z",
          "level": "info",
          "message": "Starting AI generation...",
          "details": "Prompt: \"Test prompt 2\""
        },
        {
          "timestamp": "2025-10-13T14:53:59.050Z",
          "level": "info",
          "message": "AI generation complete"
        }
      ],
      "startedAt": "2025-10-13T14:53:57.823Z",
      "completedAt": "2025-10-13T14:53:59.053Z"
    },
    "ASSEMBLY": {
      "stage": "ASSEMBLY",
      "status": "success",
      "logs": [
        {
          "timestamp": "2025-10-13T14:53:59.057Z",
          "level": "info",
          "message": "Assembling files and components..."
        },
        {
          "timestamp": "2025-10-13T14:53:59.062Z",
          "level": "info",
          "message": "Preview HTML generated"
        }
      ],
      "startedAt": "2025-10-13T14:53:59.055Z",
      "completedAt": "2025-10-13T14:53:59.064Z",
      "artifacts": [
        {
          "label": "Preview HTML",
          "url": "/previews/ff4f9bca-5481-47d4-8649-81efcd1b5e4a/index.html"
        }
      ]
    },
    "LINT": {
      "stage": "LINT",
      "status": "success",
      "logs": [
        {
          "timestamp": "2025-10-13T14:53:59.071Z",
          "level": "info",
          "message": "Running code quality checks..."
        },
        {
          "timestamp": "2025-10-13T14:53:59.376Z",
          "level": "info",
          "message": "HTML structure validated"
        },
        {
          "timestamp": "2025-10-13T14:53:59.381Z",
          "level": "info",
          "message": "CSS syntax checked"
        }
      ],
      "startedAt": "2025-10-13T14:53:59.068Z",
      "completedAt": "2025-10-13T14:53:59.384Z"
    },
    "TEST": {
      "stage": "TEST",
      "status": "success",
      "logs": [
        {
          "timestamp": "2025-10-13T14:53:59.392Z",
          "level": "info",
          "message": "Running basic tests..."
        },
        {
          "timestamp": "2025-10-13T14:53:59.795Z",
          "level": "info",
          "message": "Responsive design check: passed"
        },
        {
          "timestamp": "2025-10-13T14:53:59.797Z",
          "level": "info",
          "message": "Accessibility validation: passed"
        }
      ],
      "startedAt": "2025-10-13T14:53:59.387Z",
      "completedAt": "2025-10-13T14:53:59.800Z"
    },
    "BUNDLE": {
      "stage": "BUNDLE",
      "status": "success",
      "logs": [
        {
          "timestamp": "2025-10-13T14:53:59.805Z",
          "level": "info",
          "message": "Finalizing bundle..."
        },
        {
          "timestamp": "2025-10-13T14:54:00.110Z",
          "level": "info",
          "message": "Assets optimized"
        },
        {
          "timestamp": "2025-10-13T14:54:00.112Z",
          "level": "info",
          "message": "Bundle complete"
        }
      ],
      "startedAt": "2025-10-13T14:53:59.802Z",
      "completedAt": "2025-10-13T14:54:00.115Z",
      "artifacts": [
        {
          "label": "Final Build",
          "url": "/previews/ff4f9bca-5481-47d4-8649-81efcd1b5e4a/index.html"
        }
      ]
    }
  },
  "summaryLog": "Build completed successfully for job ff4f9bca-5481-47d4-8649-81efcd1b5e4a\nGenerated from prompt: \"Test prompt 2\"\nAll 5 stages passed: GENERATION → ASSEMBLY → LINT → TEST → BUNDLE\nPreview available at: /previews/ff4f9bca-5481-47d4-8649-81efcd1b5e4a/index.html"
}