{
  "jobId": "1220de0d-3ada-4d37-ab7e-8e52c78e5d51",
  "currentStage": "BUNDLE",
  "stages": {
    "GENERATION": {
      "stage": "GENERATION",
      "status": "success",
      "logs": [
        {
          "timestamp": "2025-10-13T05:51:12.332Z",
          "level": "info",
          "message": "Starting AI generation...",
          "details": "Prompt: \"security test\""
        },
        {
          "timestamp": "2025-10-13T05:51:14.056Z",
          "level": "info",
          "message": "AI generation complete"
        }
      ],
      "startedAt": "2025-10-13T05:51:12.328Z",
      "completedAt": "2025-10-13T05:51:14.056Z"
    },
    "ASSEMBLY": {
      "stage": "ASSEMBLY",
      "status": "success",
      "logs": [
        {
          "timestamp": "2025-10-13T05:51:14.057Z",
          "level": "info",
          "message": "Assembling files and components..."
        },
        {
          "timestamp": "2025-10-13T05:51:14.058Z",
          "level": "info",
          "message": "Preview HTML generated"
        }
      ],
      "startedAt": "2025-10-13T05:51:14.057Z",
      "completedAt": "2025-10-13T05:51:14.059Z",
      "artifacts": [
        {
          "label": "Preview HTML",
          "url": "/previews/1220de0d-3ada-4d37-ab7e-8e52c78e5d51/index.html"
        }
      ]
    },
    "LINT": {
      "stage": "LINT",
      "status": "success",
      "logs": [
        {
          "timestamp": "2025-10-13T05:51:14.060Z",
          "level": "info",
          "message": "Running code quality checks..."
        },
        {
          "timestamp": "2025-10-13T05:51:14.362Z",
          "level": "info",
          "message": "HTML structure validated"
        },
        {
          "timestamp": "2025-10-13T05:51:14.362Z",
          "level": "info",
          "message": "CSS syntax checked"
        }
      ],
      "startedAt": "2025-10-13T05:51:14.060Z",
      "completedAt": "2025-10-13T05:51:14.363Z"
    },
    "TEST": {
      "stage": "TEST",
      "status": "success",
      "logs": [
        {
          "timestamp": "2025-10-13T05:51:14.366Z",
          "level": "info",
          "message": "Running basic tests..."
        },
        {
          "timestamp": "2025-10-13T05:51:14.768Z",
          "level": "info",
          "message": "Responsive design check: passed"
        },
        {
          "timestamp": "2025-10-13T05:51:14.769Z",
          "level": "info",
          "message": "Accessibility validation: passed"
        }
      ],
      "startedAt": "2025-10-13T05:51:14.365Z",
      "completedAt": "2025-10-13T05:51:14.770Z"
    },
    "BUNDLE": {
      "stage": "BUNDLE",
      "status": "success",
      "logs": [
        {
          "timestamp": "2025-10-13T05:51:14.772Z",
          "level": "info",
          "message": "Finalizing bundle..."
        },
        {
          "timestamp": "2025-10-13T05:51:15.075Z",
          "level": "info",
          "message": "Assets optimized"
        },
        {
          "timestamp": "2025-10-13T05:51:15.077Z",
          "level": "info",
          "message": "Bundle complete"
        }
      ],
      "startedAt": "2025-10-13T05:51:14.771Z",
      "completedAt": "2025-10-13T05:51:15.078Z",
      "artifacts": [
        {
          "label": "Final Build",
          "url": "/previews/1220de0d-3ada-4d37-ab7e-8e52c78e5d51/index.html"
        }
      ]
    }
  },
  "summaryLog": "Build completed successfully for job 1220de0d-3ada-4d37-ab7e-8e52c78e5d51\nGenerated from prompt: \"security test\"\nAll 5 stages passed: GENERATION → ASSEMBLY → LINT → TEST → BUNDLE\nPreview available at: /previews/1220de0d-3ada-4d37-ab7e-8e52c78e5d51/index.html"
}