{
  "jobId": "a7cca683-8f65-4046-a6e2-73a0e5de2a61",
  "currentStage": "BUNDLE",
  "stages": {
    "GENERATION": {
      "stage": "GENERATION",
      "status": "success",
      "logs": [
        {
          "timestamp": "2025-10-13T15:33:23.696Z",
          "level": "info",
          "message": "Starting AI generation...",
          "details": "Prompt: \"upload test\""
        },
        {
          "timestamp": "2025-10-13T15:33:25.278Z",
          "level": "info",
          "message": "AI generation complete"
        }
      ],
      "startedAt": "2025-10-13T15:33:23.695Z",
      "completedAt": "2025-10-13T15:33:25.279Z"
    },
    "ASSEMBLY": {
      "stage": "ASSEMBLY",
      "status": "success",
      "logs": [
        {
          "timestamp": "2025-10-13T15:33:25.280Z",
          "level": "info",
          "message": "Assembling files and components..."
        },
        {
          "timestamp": "2025-10-13T15:33:25.282Z",
          "level": "info",
          "message": "Preview HTML generated"
        }
      ],
      "startedAt": "2025-10-13T15:33:25.280Z",
      "completedAt": "2025-10-13T15:33:25.282Z",
      "artifacts": [
        {
          "label": "Preview HTML",
          "url": "/previews/a7cca683-8f65-4046-a6e2-73a0e5de2a61/index.html"
        }
      ]
    },
    "LINT": {
      "stage": "LINT",
      "status": "success",
      "logs": [
        {
          "timestamp": "2025-10-13T15:33:25.284Z",
          "level": "info",
          "message": "Running code quality checks..."
        },
        {
          "timestamp": "2025-10-13T15:33:25.586Z",
          "level": "info",
          "message": "HTML structure validated"
        },
        {
          "timestamp": "2025-10-13T15:33:25.587Z",
          "level": "info",
          "message": "CSS syntax checked"
        }
      ],
      "startedAt": "2025-10-13T15:33:25.284Z",
      "completedAt": "2025-10-13T15:33:25.588Z"
    },
    "TEST": {
      "stage": "TEST",
      "status": "success",
      "logs": [
        {
          "timestamp": "2025-10-13T15:33:25.593Z",
          "level": "info",
          "message": "Running basic tests..."
        },
        {
          "timestamp": "2025-10-13T15:33:25.997Z",
          "level": "info",
          "message": "Responsive design check: passed"
        },
        {
          "timestamp": "2025-10-13T15:33:25.998Z",
          "level": "info",
          "message": "Accessibility validation: passed"
        }
      ],
      "startedAt": "2025-10-13T15:33:25.588Z",
      "completedAt": "2025-10-13T15:33:25.998Z"
    },
    "BUNDLE": {
      "stage": "BUNDLE",
      "status": "success",
      "logs": [
        {
          "timestamp": "2025-10-13T15:33:26.000Z",
          "level": "info",
          "message": "Finalizing bundle..."
        },
        {
          "timestamp": "2025-10-13T15:33:26.302Z",
          "level": "info",
          "message": "Assets optimized"
        },
        {
          "timestamp": "2025-10-13T15:33:26.303Z",
          "level": "info",
          "message": "Bundle complete"
        }
      ],
      "startedAt": "2025-10-13T15:33:25.999Z",
      "completedAt": "2025-10-13T15:33:26.304Z",
      "artifacts": [
        {
          "label": "Final Build",
          "url": "/previews/a7cca683-8f65-4046-a6e2-73a0e5de2a61/index.html"
        }
      ]
    }
  },
  "summaryLog": "Build completed successfully for job a7cca683-8f65-4046-a6e2-73a0e5de2a61\nGenerated from prompt: \"upload test\"\nAll 5 stages passed: GENERATION → ASSEMBLY → LINT → TEST → BUNDLE\nPreview available at: /previews/a7cca683-8f65-4046-a6e2-73a0e5de2a61/index.html"
}