{
  "jobId": "6cd7b853-bebc-482b-a13b-c1b140d06892",
  "currentStage": "BUNDLE",
  "stages": {
    "GENERATION": {
      "stage": "GENERATION",
      "status": "success",
      "logs": [
        {
          "timestamp": "2025-10-13T17:52:40.333Z",
          "level": "info",
          "message": "Starting AI generation...",
          "details": "Prompt: \"guhijk\""
        },
        {
          "timestamp": "2025-10-13T17:52:41.996Z",
          "level": "info",
          "message": "AI generation complete"
        }
      ],
      "startedAt": "2025-10-13T17:52:40.331Z",
      "completedAt": "2025-10-13T17:52:41.999Z"
    },
    "ASSEMBLY": {
      "stage": "ASSEMBLY",
      "status": "success",
      "logs": [
        {
          "timestamp": "2025-10-13T17:52:42.002Z",
          "level": "info",
          "message": "Assembling files and components..."
        },
        {
          "timestamp": "2025-10-13T17:52:42.009Z",
          "level": "info",
          "message": "Preview HTML generated"
        }
      ],
      "startedAt": "2025-10-13T17:52:42.001Z",
      "completedAt": "2025-10-13T17:52:42.010Z",
      "artifacts": [
        {
          "label": "Preview HTML",
          "url": "/previews/6cd7b853-bebc-482b-a13b-c1b140d06892/index.html"
        }
      ]
    },
    "LINT": {
      "stage": "LINT",
      "status": "success",
      "logs": [
        {
          "timestamp": "2025-10-13T17:52:42.015Z",
          "level": "info",
          "message": "Running code quality checks..."
        },
        {
          "timestamp": "2025-10-13T17:52:42.316Z",
          "level": "info",
          "message": "HTML structure validated"
        },
        {
          "timestamp": "2025-10-13T17:52:42.317Z",
          "level": "info",
          "message": "CSS syntax checked"
        }
      ],
      "startedAt": "2025-10-13T17:52:42.012Z",
      "completedAt": "2025-10-13T17:52:42.317Z"
    },
    "TEST": {
      "stage": "TEST",
      "status": "success",
      "logs": [
        {
          "timestamp": "2025-10-13T17:52:42.348Z",
          "level": "info",
          "message": "Running basic tests..."
        },
        {
          "timestamp": "2025-10-13T17:52:42.749Z",
          "level": "info",
          "message": "Responsive design check: passed"
        },
        {
          "timestamp": "2025-10-13T17:52:42.750Z",
          "level": "info",
          "message": "Accessibility validation: passed"
        }
      ],
      "startedAt": "2025-10-13T17:52:42.329Z",
      "completedAt": "2025-10-13T17:52:42.750Z"
    },
    "BUNDLE": {
      "stage": "BUNDLE",
      "status": "success",
      "logs": [
        {
          "timestamp": "2025-10-13T17:52:42.768Z",
          "level": "info",
          "message": "Finalizing bundle..."
        },
        {
          "timestamp": "2025-10-13T17:52:43.069Z",
          "level": "info",
          "message": "Assets optimized"
        },
        {
          "timestamp": "2025-10-13T17:52:43.070Z",
          "level": "info",
          "message": "Bundle complete"
        }
      ],
      "startedAt": "2025-10-13T17:52:42.760Z",
      "completedAt": "2025-10-13T17:52:43.072Z",
      "artifacts": [
        {
          "label": "Final Build",
          "url": "/previews/6cd7b853-bebc-482b-a13b-c1b140d06892/index.html"
        }
      ]
    }
  },
  "summaryLog": "Build completed successfully for job 6cd7b853-bebc-482b-a13b-c1b140d06892\nGenerated from prompt: \"guhijk\"\nAll 5 stages passed: GENERATION → ASSEMBLY → LINT → TEST → BUNDLE\nPreview available at: /previews/6cd7b853-bebc-482b-a13b-c1b140d06892/index.html"
}