{
  "jobId": "67b8a268-1468-4ee3-9b3c-850abd1e6446",
  "currentStage": "BUNDLE",
  "stages": {
    "GENERATION": {
      "stage": "GENERATION",
      "status": "success",
      "logs": [
        {
          "timestamp": "2025-10-13T05:54:33.069Z",
          "level": "info",
          "message": "Starting AI generation...",
          "details": "Prompt: \"security test\""
        },
        {
          "timestamp": "2025-10-13T05:54:34.086Z",
          "level": "info",
          "message": "AI generation complete"
        }
      ],
      "startedAt": "2025-10-13T05:54:33.068Z",
      "completedAt": "2025-10-13T05:54:34.087Z"
    },
    "ASSEMBLY": {
      "stage": "ASSEMBLY",
      "status": "success",
      "logs": [
        {
          "timestamp": "2025-10-13T05:54:34.092Z",
          "level": "info",
          "message": "Assembling files and components..."
        },
        {
          "timestamp": "2025-10-13T05:54:34.095Z",
          "level": "info",
          "message": "Preview HTML generated"
        }
      ],
      "startedAt": "2025-10-13T05:54:34.091Z",
      "completedAt": "2025-10-13T05:54:34.095Z",
      "artifacts": [
        {
          "label": "Preview HTML",
          "url": "/previews/67b8a268-1468-4ee3-9b3c-850abd1e6446/index.html"
        }
      ]
    },
    "LINT": {
      "stage": "LINT",
      "status": "success",
      "logs": [
        {
          "timestamp": "2025-10-13T05:54:34.098Z",
          "level": "info",
          "message": "Running code quality checks..."
        },
        {
          "timestamp": "2025-10-13T05:54:34.399Z",
          "level": "info",
          "message": "HTML structure validated"
        },
        {
          "timestamp": "2025-10-13T05:54:34.400Z",
          "level": "info",
          "message": "CSS syntax checked"
        }
      ],
      "startedAt": "2025-10-13T05:54:34.097Z",
      "completedAt": "2025-10-13T05:54:34.400Z"
    },
    "TEST": {
      "stage": "TEST",
      "status": "success",
      "logs": [
        {
          "timestamp": "2025-10-13T05:54:34.407Z",
          "level": "info",
          "message": "Running basic tests..."
        },
        {
          "timestamp": "2025-10-13T05:54:34.810Z",
          "level": "info",
          "message": "Responsive design check: passed"
        },
        {
          "timestamp": "2025-10-13T05:54:34.811Z",
          "level": "info",
          "message": "Accessibility validation: passed"
        }
      ],
      "startedAt": "2025-10-13T05:54:34.407Z",
      "completedAt": "2025-10-13T05:54:34.812Z"
    },
    "BUNDLE": {
      "stage": "BUNDLE",
      "status": "success",
      "logs": [
        {
          "timestamp": "2025-10-13T05:54:34.815Z",
          "level": "info",
          "message": "Finalizing bundle..."
        },
        {
          "timestamp": "2025-10-13T05:54:35.118Z",
          "level": "info",
          "message": "Assets optimized"
        },
        {
          "timestamp": "2025-10-13T05:54:35.119Z",
          "level": "info",
          "message": "Bundle complete"
        }
      ],
      "startedAt": "2025-10-13T05:54:34.814Z",
      "completedAt": "2025-10-13T05:54:35.127Z",
      "artifacts": [
        {
          "label": "Final Build",
          "url": "/previews/67b8a268-1468-4ee3-9b3c-850abd1e6446/index.html"
        }
      ]
    }
  },
  "summaryLog": "Build completed successfully for job 67b8a268-1468-4ee3-9b3c-850abd1e6446\nGenerated from prompt: \"security test\"\nAll 5 stages passed: GENERATION → ASSEMBLY → LINT → TEST → BUNDLE\nPreview available at: /previews/67b8a268-1468-4ee3-9b3c-850abd1e6446/index.html"
}