{
  "jobId": "d4d30c85-b44b-469b-948a-a10b258c3ef9",
  "currentStage": "BUNDLE",
  "stages": {
    "GENERATION": {
      "stage": "GENERATION",
      "status": "success",
      "logs": [
        {
          "timestamp": "2025-10-13T14:45:44.685Z",
          "level": "info",
          "message": "Starting AI generation...",
          "details": "Prompt: \"security test\""
        },
        {
          "timestamp": "2025-10-13T14:45:46.698Z",
          "level": "info",
          "message": "AI generation complete"
        }
      ],
      "startedAt": "2025-10-13T14:45:44.685Z",
      "completedAt": "2025-10-13T14:45:46.698Z"
    },
    "ASSEMBLY": {
      "stage": "ASSEMBLY",
      "status": "success",
      "logs": [
        {
          "timestamp": "2025-10-13T14:45:46.699Z",
          "level": "info",
          "message": "Assembling files and components..."
        },
        {
          "timestamp": "2025-10-13T14:45:46.701Z",
          "level": "info",
          "message": "Preview HTML generated"
        }
      ],
      "startedAt": "2025-10-13T14:45:46.699Z",
      "completedAt": "2025-10-13T14:45:46.701Z",
      "artifacts": [
        {
          "label": "Preview HTML",
          "url": "/previews/d4d30c85-b44b-469b-948a-a10b258c3ef9/index.html"
        }
      ]
    },
    "LINT": {
      "stage": "LINT",
      "status": "success",
      "logs": [
        {
          "timestamp": "2025-10-13T14:45:46.704Z",
          "level": "info",
          "message": "Running code quality checks..."
        },
        {
          "timestamp": "2025-10-13T14:45:47.005Z",
          "level": "info",
          "message": "HTML structure validated"
        },
        {
          "timestamp": "2025-10-13T14:45:47.006Z",
          "level": "info",
          "message": "CSS syntax checked"
        }
      ],
      "startedAt": "2025-10-13T14:45:46.703Z",
      "completedAt": "2025-10-13T14:45:47.006Z"
    },
    "TEST": {
      "stage": "TEST",
      "status": "success",
      "logs": [
        {
          "timestamp": "2025-10-13T14:45:47.007Z",
          "level": "info",
          "message": "Running basic tests..."
        },
        {
          "timestamp": "2025-10-13T14:45:47.408Z",
          "level": "info",
          "message": "Responsive design check: passed"
        },
        {
          "timestamp": "2025-10-13T14:45:47.408Z",
          "level": "info",
          "message": "Accessibility validation: passed"
        }
      ],
      "startedAt": "2025-10-13T14:45:47.007Z",
      "completedAt": "2025-10-13T14:45:47.409Z"
    },
    "BUNDLE": {
      "stage": "BUNDLE",
      "status": "success",
      "logs": [
        {
          "timestamp": "2025-10-13T14:45:47.411Z",
          "level": "info",
          "message": "Finalizing bundle..."
        },
        {
          "timestamp": "2025-10-13T14:45:47.714Z",
          "level": "info",
          "message": "Assets optimized"
        },
        {
          "timestamp": "2025-10-13T14:45:47.715Z",
          "level": "info",
          "message": "Bundle complete"
        }
      ],
      "startedAt": "2025-10-13T14:45:47.410Z",
      "completedAt": "2025-10-13T14:45:47.715Z",
      "artifacts": [
        {
          "label": "Final Build",
          "url": "/previews/d4d30c85-b44b-469b-948a-a10b258c3ef9/index.html"
        }
      ]
    }
  },
  "summaryLog": "Build completed successfully for job d4d30c85-b44b-469b-948a-a10b258c3ef9\nGenerated from prompt: \"security test\"\nAll 5 stages passed: GENERATION → ASSEMBLY → LINT → TEST → BUNDLE\nPreview available at: /previews/d4d30c85-b44b-469b-948a-a10b258c3ef9/index.html"
}