{
  "jobId": "8eb96b4c-1d18-4c49-b53a-cf914249ff0e",
  "currentStage": "BUNDLE",
  "stages": {
    "GENERATION": {
      "stage": "GENERATION",
      "status": "success",
      "logs": [
        {
          "timestamp": "2025-10-13T14:41:25.685Z",
          "level": "info",
          "message": "Starting AI generation...",
          "details": "Prompt: \"Test prompt 3\""
        },
        {
          "timestamp": "2025-10-13T14:41:27.336Z",
          "level": "info",
          "message": "AI generation complete"
        }
      ],
      "startedAt": "2025-10-13T14:41:25.682Z",
      "completedAt": "2025-10-13T14:41:27.339Z"
    },
    "ASSEMBLY": {
      "stage": "ASSEMBLY",
      "status": "success",
      "logs": [
        {
          "timestamp": "2025-10-13T14:41:27.345Z",
          "level": "info",
          "message": "Assembling files and components..."
        },
        {
          "timestamp": "2025-10-13T14:41:27.349Z",
          "level": "info",
          "message": "Preview HTML generated"
        }
      ],
      "startedAt": "2025-10-13T14:41:27.342Z",
      "completedAt": "2025-10-13T14:41:27.351Z",
      "artifacts": [
        {
          "label": "Preview HTML",
          "url": "/previews/8eb96b4c-1d18-4c49-b53a-cf914249ff0e/index.html"
        }
      ]
    },
    "LINT": {
      "stage": "LINT",
      "status": "success",
      "logs": [
        {
          "timestamp": "2025-10-13T14:41:27.357Z",
          "level": "info",
          "message": "Running code quality checks..."
        },
        {
          "timestamp": "2025-10-13T14:41:27.661Z",
          "level": "info",
          "message": "HTML structure validated"
        },
        {
          "timestamp": "2025-10-13T14:41:27.664Z",
          "level": "info",
          "message": "CSS syntax checked"
        }
      ],
      "startedAt": "2025-10-13T14:41:27.355Z",
      "completedAt": "2025-10-13T14:41:27.667Z"
    },
    "TEST": {
      "stage": "TEST",
      "status": "success",
      "logs": [
        {
          "timestamp": "2025-10-13T14:41:27.675Z",
          "level": "info",
          "message": "Running basic tests..."
        },
        {
          "timestamp": "2025-10-13T14:41:28.088Z",
          "level": "info",
          "message": "Responsive design check: passed"
        },
        {
          "timestamp": "2025-10-13T14:41:28.090Z",
          "level": "info",
          "message": "Accessibility validation: passed"
        }
      ],
      "startedAt": "2025-10-13T14:41:27.669Z",
      "completedAt": "2025-10-13T14:41:28.092Z"
    },
    "BUNDLE": {
      "stage": "BUNDLE",
      "status": "success",
      "logs": [
        {
          "timestamp": "2025-10-13T14:41:28.095Z",
          "level": "info",
          "message": "Finalizing bundle..."
        },
        {
          "timestamp": "2025-10-13T14:41:28.399Z",
          "level": "info",
          "message": "Assets optimized"
        },
        {
          "timestamp": "2025-10-13T14:41:28.402Z",
          "level": "info",
          "message": "Bundle complete"
        }
      ],
      "startedAt": "2025-10-13T14:41:28.094Z",
      "completedAt": "2025-10-13T14:41:28.404Z",
      "artifacts": [
        {
          "label": "Final Build",
          "url": "/previews/8eb96b4c-1d18-4c49-b53a-cf914249ff0e/index.html"
        }
      ]
    }
  },
  "summaryLog": "Build completed successfully for job 8eb96b4c-1d18-4c49-b53a-cf914249ff0e\nGenerated from prompt: \"Test prompt 3\"\nAll 5 stages passed: GENERATION → ASSEMBLY → LINT → TEST → BUNDLE\nPreview available at: /previews/8eb96b4c-1d18-4c49-b53a-cf914249ff0e/index.html"
}