{
  "jobId": "218459b0-8fc9-412f-9882-0a43289b7939",
  "currentStage": "BUNDLE",
  "stages": {
    "GENERATION": {
      "stage": "GENERATION",
      "status": "success",
      "logs": [
        {
          "timestamp": "2025-10-13T14:41:25.749Z",
          "level": "info",
          "message": "Starting AI generation...",
          "details": "Prompt: \"Test prompt 4\""
        },
        {
          "timestamp": "2025-10-13T14:41:27.234Z",
          "level": "info",
          "message": "AI generation complete"
        }
      ],
      "startedAt": "2025-10-13T14:41:25.738Z",
      "completedAt": "2025-10-13T14:41:27.236Z"
    },
    "ASSEMBLY": {
      "stage": "ASSEMBLY",
      "status": "success",
      "logs": [
        {
          "timestamp": "2025-10-13T14:41:27.241Z",
          "level": "info",
          "message": "Assembling files and components..."
        },
        {
          "timestamp": "2025-10-13T14:41:27.248Z",
          "level": "info",
          "message": "Preview HTML generated"
        }
      ],
      "startedAt": "2025-10-13T14:41:27.238Z",
      "completedAt": "2025-10-13T14:41:27.252Z",
      "artifacts": [
        {
          "label": "Preview HTML",
          "url": "/previews/218459b0-8fc9-412f-9882-0a43289b7939/index.html"
        }
      ]
    },
    "LINT": {
      "stage": "LINT",
      "status": "success",
      "logs": [
        {
          "timestamp": "2025-10-13T14:41:27.259Z",
          "level": "info",
          "message": "Running code quality checks..."
        },
        {
          "timestamp": "2025-10-13T14:41:27.563Z",
          "level": "info",
          "message": "HTML structure validated"
        },
        {
          "timestamp": "2025-10-13T14:41:27.567Z",
          "level": "info",
          "message": "CSS syntax checked"
        }
      ],
      "startedAt": "2025-10-13T14:41:27.256Z",
      "completedAt": "2025-10-13T14:41:27.570Z"
    },
    "TEST": {
      "stage": "TEST",
      "status": "success",
      "logs": [
        {
          "timestamp": "2025-10-13T14:41:27.580Z",
          "level": "info",
          "message": "Running basic tests..."
        },
        {
          "timestamp": "2025-10-13T14:41:27.984Z",
          "level": "info",
          "message": "Responsive design check: passed"
        },
        {
          "timestamp": "2025-10-13T14:41:27.987Z",
          "level": "info",
          "message": "Accessibility validation: passed"
        }
      ],
      "startedAt": "2025-10-13T14:41:27.573Z",
      "completedAt": "2025-10-13T14:41:27.993Z"
    },
    "BUNDLE": {
      "stage": "BUNDLE",
      "status": "success",
      "logs": [
        {
          "timestamp": "2025-10-13T14:41:27.997Z",
          "level": "info",
          "message": "Finalizing bundle..."
        },
        {
          "timestamp": "2025-10-13T14:41:28.303Z",
          "level": "info",
          "message": "Assets optimized"
        },
        {
          "timestamp": "2025-10-13T14:41:28.306Z",
          "level": "info",
          "message": "Bundle complete"
        }
      ],
      "startedAt": "2025-10-13T14:41:27.995Z",
      "completedAt": "2025-10-13T14:41:28.308Z",
      "artifacts": [
        {
          "label": "Final Build",
          "url": "/previews/218459b0-8fc9-412f-9882-0a43289b7939/index.html"
        }
      ]
    }
  },
  "summaryLog": "Build completed successfully for job 218459b0-8fc9-412f-9882-0a43289b7939\nGenerated from prompt: \"Test prompt 4\"\nAll 5 stages passed: GENERATION → ASSEMBLY → LINT → TEST → BUNDLE\nPreview available at: /previews/218459b0-8fc9-412f-9882-0a43289b7939/index.html"
}