{
  "jobId": "8b2819ac-b1f6-46d2-8582-8465a1b00956",
  "currentStage": "BUNDLE",
  "stages": {
    "GENERATION": {
      "stage": "GENERATION",
      "status": "success",
      "logs": [
        {
          "timestamp": "2025-10-13T05:38:24.886Z",
          "level": "info",
          "message": "Starting AI generation...",
          "details": "Prompt: \"final verification\""
        },
        {
          "timestamp": "2025-10-13T05:38:25.995Z",
          "level": "info",
          "message": "AI generation complete"
        }
      ],
      "startedAt": "2025-10-13T05:38:24.885Z",
      "completedAt": "2025-10-13T05:38:25.996Z"
    },
    "ASSEMBLY": {
      "stage": "ASSEMBLY",
      "status": "success",
      "logs": [
        {
          "timestamp": "2025-10-13T05:38:25.997Z",
          "level": "info",
          "message": "Assembling files and components..."
        },
        {
          "timestamp": "2025-10-13T05:38:25.999Z",
          "level": "info",
          "message": "Preview HTML generated"
        }
      ],
      "startedAt": "2025-10-13T05:38:25.997Z",
      "completedAt": "2025-10-13T05:38:26.000Z",
      "artifacts": [
        {
          "label": "Preview HTML",
          "url": "/previews/8b2819ac-b1f6-46d2-8582-8465a1b00956/index.html"
        }
      ]
    },
    "LINT": {
      "stage": "LINT",
      "status": "success",
      "logs": [
        {
          "timestamp": "2025-10-13T05:38:26.002Z",
          "level": "info",
          "message": "Running code quality checks..."
        },
        {
          "timestamp": "2025-10-13T05:38:26.304Z",
          "level": "info",
          "message": "HTML structure validated"
        },
        {
          "timestamp": "2025-10-13T05:38:26.305Z",
          "level": "info",
          "message": "CSS syntax checked"
        }
      ],
      "startedAt": "2025-10-13T05:38:26.002Z",
      "completedAt": "2025-10-13T05:38:26.305Z"
    },
    "TEST": {
      "stage": "TEST",
      "status": "success",
      "logs": [
        {
          "timestamp": "2025-10-13T05:38:26.307Z",
          "level": "info",
          "message": "Running basic tests..."
        },
        {
          "timestamp": "2025-10-13T05:38:26.708Z",
          "level": "info",
          "message": "Responsive design check: passed"
        },
        {
          "timestamp": "2025-10-13T05:38:26.709Z",
          "level": "info",
          "message": "Accessibility validation: passed"
        }
      ],
      "startedAt": "2025-10-13T05:38:26.306Z",
      "completedAt": "2025-10-13T05:38:26.710Z"
    },
    "BUNDLE": {
      "stage": "BUNDLE",
      "status": "success",
      "logs": [
        {
          "timestamp": "2025-10-13T05:38:26.711Z",
          "level": "info",
          "message": "Finalizing bundle..."
        },
        {
          "timestamp": "2025-10-13T05:38:27.013Z",
          "level": "info",
          "message": "Assets optimized"
        },
        {
          "timestamp": "2025-10-13T05:38:27.014Z",
          "level": "info",
          "message": "Bundle complete"
        }
      ],
      "startedAt": "2025-10-13T05:38:26.710Z",
      "completedAt": "2025-10-13T05:38:27.015Z",
      "artifacts": [
        {
          "label": "Final Build",
          "url": "/previews/8b2819ac-b1f6-46d2-8582-8465a1b00956/index.html"
        }
      ]
    }
  },
  "summaryLog": "Build completed successfully for job 8b2819ac-b1f6-46d2-8582-8465a1b00956\nGenerated from prompt: \"final verification\"\nAll 5 stages passed: GENERATION → ASSEMBLY → LINT → TEST → BUNDLE\nPreview available at: /previews/8b2819ac-b1f6-46d2-8582-8465a1b00956/index.html"
}