{
  "jobId": "be077450-717c-498e-8349-c316c4a9e4bb",
  "currentStage": "BUNDLE",
  "stages": {
    "GENERATION": {
      "stage": "GENERATION",
      "status": "success",
      "logs": [
        {
          "timestamp": "2025-10-13T05:38:24.770Z",
          "level": "info",
          "message": "Starting AI generation...",
          "details": "Prompt: \"Test prompt 2\""
        },
        {
          "timestamp": "2025-10-13T05:38:26.127Z",
          "level": "info",
          "message": "AI generation complete"
        }
      ],
      "startedAt": "2025-10-13T05:38:24.761Z",
      "completedAt": "2025-10-13T05:38:26.128Z"
    },
    "ASSEMBLY": {
      "stage": "ASSEMBLY",
      "status": "success",
      "logs": [
        {
          "timestamp": "2025-10-13T05:38:26.130Z",
          "level": "info",
          "message": "Assembling files and components..."
        },
        {
          "timestamp": "2025-10-13T05:38:26.132Z",
          "level": "info",
          "message": "Preview HTML generated"
        }
      ],
      "startedAt": "2025-10-13T05:38:26.129Z",
      "completedAt": "2025-10-13T05:38:26.133Z",
      "artifacts": [
        {
          "label": "Preview HTML",
          "url": "/previews/be077450-717c-498e-8349-c316c4a9e4bb/index.html"
        }
      ]
    },
    "LINT": {
      "stage": "LINT",
      "status": "success",
      "logs": [
        {
          "timestamp": "2025-10-13T05:38:26.136Z",
          "level": "info",
          "message": "Running code quality checks..."
        },
        {
          "timestamp": "2025-10-13T05:38:26.437Z",
          "level": "info",
          "message": "HTML structure validated"
        },
        {
          "timestamp": "2025-10-13T05:38:26.438Z",
          "level": "info",
          "message": "CSS syntax checked"
        }
      ],
      "startedAt": "2025-10-13T05:38:26.135Z",
      "completedAt": "2025-10-13T05:38:26.439Z"
    },
    "TEST": {
      "stage": "TEST",
      "status": "success",
      "logs": [
        {
          "timestamp": "2025-10-13T05:38:26.443Z",
          "level": "info",
          "message": "Running basic tests..."
        },
        {
          "timestamp": "2025-10-13T05:38:26.845Z",
          "level": "info",
          "message": "Responsive design check: passed"
        },
        {
          "timestamp": "2025-10-13T05:38:26.846Z",
          "level": "info",
          "message": "Accessibility validation: passed"
        }
      ],
      "startedAt": "2025-10-13T05:38:26.442Z",
      "completedAt": "2025-10-13T05:38:26.847Z"
    },
    "BUNDLE": {
      "stage": "BUNDLE",
      "status": "success",
      "logs": [
        {
          "timestamp": "2025-10-13T05:38:26.848Z",
          "level": "info",
          "message": "Finalizing bundle..."
        },
        {
          "timestamp": "2025-10-13T05:38:27.152Z",
          "level": "info",
          "message": "Assets optimized"
        },
        {
          "timestamp": "2025-10-13T05:38:27.152Z",
          "level": "info",
          "message": "Bundle complete"
        }
      ],
      "startedAt": "2025-10-13T05:38:26.847Z",
      "completedAt": "2025-10-13T05:38:27.153Z",
      "artifacts": [
        {
          "label": "Final Build",
          "url": "/previews/be077450-717c-498e-8349-c316c4a9e4bb/index.html"
        }
      ]
    }
  },
  "summaryLog": "Build completed successfully for job be077450-717c-498e-8349-c316c4a9e4bb\nGenerated from prompt: \"Test prompt 2\"\nAll 5 stages passed: GENERATION → ASSEMBLY → LINT → TEST → BUNDLE\nPreview available at: /previews/be077450-717c-498e-8349-c316c4a9e4bb/index.html"
}