{
  "jobId": "72884121-35a9-4eff-8e11-40ceab22b739",
  "currentStage": "BUNDLE",
  "stages": {
    "GENERATION": {
      "stage": "GENERATION",
      "status": "success",
      "logs": [
        {
          "timestamp": "2025-10-13T05:37:46.842Z",
          "level": "info",
          "message": "Starting AI generation...",
          "details": "Prompt: \"debug test\""
        },
        {
          "timestamp": "2025-10-13T05:37:48.212Z",
          "level": "info",
          "message": "AI generation complete"
        }
      ],
      "startedAt": "2025-10-13T05:37:46.842Z",
      "completedAt": "2025-10-13T05:37:48.212Z"
    },
    "ASSEMBLY": {
      "stage": "ASSEMBLY",
      "status": "success",
      "logs": [
        {
          "timestamp": "2025-10-13T05:37:48.214Z",
          "level": "info",
          "message": "Assembling files and components..."
        },
        {
          "timestamp": "2025-10-13T05:37:48.218Z",
          "level": "info",
          "message": "Preview HTML generated"
        }
      ],
      "startedAt": "2025-10-13T05:37:48.213Z",
      "completedAt": "2025-10-13T05:37:48.219Z",
      "artifacts": [
        {
          "label": "Preview HTML",
          "url": "/previews/72884121-35a9-4eff-8e11-40ceab22b739/index.html"
        }
      ]
    },
    "LINT": {
      "stage": "LINT",
      "status": "success",
      "logs": [
        {
          "timestamp": "2025-10-13T05:37:48.220Z",
          "level": "info",
          "message": "Running code quality checks..."
        },
        {
          "timestamp": "2025-10-13T05:37:48.522Z",
          "level": "info",
          "message": "HTML structure validated"
        },
        {
          "timestamp": "2025-10-13T05:37:48.522Z",
          "level": "info",
          "message": "CSS syntax checked"
        }
      ],
      "startedAt": "2025-10-13T05:37:48.220Z",
      "completedAt": "2025-10-13T05:37:48.523Z"
    },
    "TEST": {
      "stage": "TEST",
      "status": "success",
      "logs": [
        {
          "timestamp": "2025-10-13T05:37:48.525Z",
          "level": "info",
          "message": "Running basic tests..."
        },
        {
          "timestamp": "2025-10-13T05:37:48.926Z",
          "level": "info",
          "message": "Responsive design check: passed"
        },
        {
          "timestamp": "2025-10-13T05:37:48.927Z",
          "level": "info",
          "message": "Accessibility validation: passed"
        }
      ],
      "startedAt": "2025-10-13T05:37:48.524Z",
      "completedAt": "2025-10-13T05:37:48.928Z"
    },
    "BUNDLE": {
      "stage": "BUNDLE",
      "status": "success",
      "logs": [
        {
          "timestamp": "2025-10-13T05:37:48.929Z",
          "level": "info",
          "message": "Finalizing bundle..."
        },
        {
          "timestamp": "2025-10-13T05:37:49.231Z",
          "level": "info",
          "message": "Assets optimized"
        },
        {
          "timestamp": "2025-10-13T05:37:49.232Z",
          "level": "info",
          "message": "Bundle complete"
        }
      ],
      "startedAt": "2025-10-13T05:37:48.928Z",
      "completedAt": "2025-10-13T05:37:49.233Z",
      "artifacts": [
        {
          "label": "Final Build",
          "url": "/previews/72884121-35a9-4eff-8e11-40ceab22b739/index.html"
        }
      ]
    }
  },
  "summaryLog": "Build completed successfully for job 72884121-35a9-4eff-8e11-40ceab22b739\nGenerated from prompt: \"debug test\"\nAll 5 stages passed: GENERATION → ASSEMBLY → LINT → TEST → BUNDLE\nPreview available at: /previews/72884121-35a9-4eff-8e11-40ceab22b739/index.html"
}