{
  "jobId": "627c6669-8089-46e8-906b-7a5be1bdb423",
  "currentStage": "BUNDLE",
  "stages": {
    "GENERATION": {
      "stage": "GENERATION",
      "status": "success",
      "logs": [
        {
          "timestamp": "2025-10-13T06:17:21.560Z",
          "level": "info",
          "message": "Starting AI generation...",
          "details": "Prompt: \"test metrics tracking\""
        },
        {
          "timestamp": "2025-10-13T06:17:22.719Z",
          "level": "info",
          "message": "AI generation complete"
        }
      ],
      "startedAt": "2025-10-13T06:17:21.559Z",
      "completedAt": "2025-10-13T06:17:22.719Z"
    },
    "ASSEMBLY": {
      "stage": "ASSEMBLY",
      "status": "success",
      "logs": [
        {
          "timestamp": "2025-10-13T06:17:22.722Z",
          "level": "info",
          "message": "Assembling files and components..."
        },
        {
          "timestamp": "2025-10-13T06:17:22.724Z",
          "level": "info",
          "message": "Preview HTML generated"
        }
      ],
      "startedAt": "2025-10-13T06:17:22.720Z",
      "completedAt": "2025-10-13T06:17:22.724Z",
      "artifacts": [
        {
          "label": "Preview HTML",
          "url": "/previews/627c6669-8089-46e8-906b-7a5be1bdb423/index.html"
        }
      ]
    },
    "LINT": {
      "stage": "LINT",
      "status": "success",
      "logs": [
        {
          "timestamp": "2025-10-13T06:17:22.726Z",
          "level": "info",
          "message": "Running code quality checks..."
        },
        {
          "timestamp": "2025-10-13T06:17:23.028Z",
          "level": "info",
          "message": "HTML structure validated"
        },
        {
          "timestamp": "2025-10-13T06:17:23.028Z",
          "level": "info",
          "message": "CSS syntax checked"
        }
      ],
      "startedAt": "2025-10-13T06:17:22.726Z",
      "completedAt": "2025-10-13T06:17:23.029Z"
    },
    "TEST": {
      "stage": "TEST",
      "status": "success",
      "logs": [
        {
          "timestamp": "2025-10-13T06:17:23.036Z",
          "level": "info",
          "message": "Running basic tests..."
        },
        {
          "timestamp": "2025-10-13T06:17:23.439Z",
          "level": "info",
          "message": "Responsive design check: passed"
        },
        {
          "timestamp": "2025-10-13T06:17:23.440Z",
          "level": "info",
          "message": "Accessibility validation: passed"
        }
      ],
      "startedAt": "2025-10-13T06:17:23.035Z",
      "completedAt": "2025-10-13T06:17:23.442Z"
    },
    "BUNDLE": {
      "stage": "BUNDLE",
      "status": "success",
      "logs": [
        {
          "timestamp": "2025-10-13T06:17:23.453Z",
          "level": "info",
          "message": "Finalizing bundle..."
        },
        {
          "timestamp": "2025-10-13T06:17:23.754Z",
          "level": "info",
          "message": "Assets optimized"
        },
        {
          "timestamp": "2025-10-13T06:17:23.755Z",
          "level": "info",
          "message": "Bundle complete"
        }
      ],
      "startedAt": "2025-10-13T06:17:23.444Z",
      "completedAt": "2025-10-13T06:17:23.757Z",
      "artifacts": [
        {
          "label": "Final Build",
          "url": "/previews/627c6669-8089-46e8-906b-7a5be1bdb423/index.html"
        }
      ]
    }
  },
  "summaryLog": "Build completed successfully for job 627c6669-8089-46e8-906b-7a5be1bdb423\nGenerated from prompt: \"test metrics tracking\"\nAll 5 stages passed: GENERATION → ASSEMBLY → LINT → TEST → BUNDLE\nPreview available at: /previews/627c6669-8089-46e8-906b-7a5be1bdb423/index.html"
}