{
  "jobId": "dc882593-e5c1-4521-9787-f28822ccb06b",
  "currentStage": "BUNDLE",
  "stages": {
    "GENERATION": {
      "stage": "GENERATION",
      "status": "success",
      "logs": [
        {
          "timestamp": "2025-10-13T14:45:41.155Z",
          "level": "info",
          "message": "Starting AI generation...",
          "details": "Prompt: \"Test prompt 3\""
        },
        {
          "timestamp": "2025-10-13T14:45:42.303Z",
          "level": "info",
          "message": "AI generation complete"
        }
      ],
      "startedAt": "2025-10-13T14:45:41.154Z",
      "completedAt": "2025-10-13T14:45:42.305Z"
    },
    "ASSEMBLY": {
      "stage": "ASSEMBLY",
      "status": "success",
      "logs": [
        {
          "timestamp": "2025-10-13T14:45:42.308Z",
          "level": "info",
          "message": "Assembling files and components..."
        },
        {
          "timestamp": "2025-10-13T14:45:42.313Z",
          "level": "info",
          "message": "Preview HTML generated"
        }
      ],
      "startedAt": "2025-10-13T14:45:42.307Z",
      "completedAt": "2025-10-13T14:45:42.315Z",
      "artifacts": [
        {
          "label": "Preview HTML",
          "url": "/previews/dc882593-e5c1-4521-9787-f28822ccb06b/index.html"
        }
      ]
    },
    "LINT": {
      "stage": "LINT",
      "status": "success",
      "logs": [
        {
          "timestamp": "2025-10-13T14:45:42.322Z",
          "level": "info",
          "message": "Running code quality checks..."
        },
        {
          "timestamp": "2025-10-13T14:45:42.627Z",
          "level": "info",
          "message": "HTML structure validated"
        },
        {
          "timestamp": "2025-10-13T14:45:42.629Z",
          "level": "info",
          "message": "CSS syntax checked"
        }
      ],
      "startedAt": "2025-10-13T14:45:42.319Z",
      "completedAt": "2025-10-13T14:45:42.631Z"
    },
    "TEST": {
      "stage": "TEST",
      "status": "success",
      "logs": [
        {
          "timestamp": "2025-10-13T14:45:42.634Z",
          "level": "info",
          "message": "Running basic tests..."
        },
        {
          "timestamp": "2025-10-13T14:45:43.037Z",
          "level": "info",
          "message": "Responsive design check: passed"
        },
        {
          "timestamp": "2025-10-13T14:45:43.039Z",
          "level": "info",
          "message": "Accessibility validation: passed"
        }
      ],
      "startedAt": "2025-10-13T14:45:42.633Z",
      "completedAt": "2025-10-13T14:45:43.041Z"
    },
    "BUNDLE": {
      "stage": "BUNDLE",
      "status": "success",
      "logs": [
        {
          "timestamp": "2025-10-13T14:45:43.045Z",
          "level": "info",
          "message": "Finalizing bundle..."
        },
        {
          "timestamp": "2025-10-13T14:45:43.348Z",
          "level": "info",
          "message": "Assets optimized"
        },
        {
          "timestamp": "2025-10-13T14:45:43.350Z",
          "level": "info",
          "message": "Bundle complete"
        }
      ],
      "startedAt": "2025-10-13T14:45:43.043Z",
      "completedAt": "2025-10-13T14:45:43.352Z",
      "artifacts": [
        {
          "label": "Final Build",
          "url": "/previews/dc882593-e5c1-4521-9787-f28822ccb06b/index.html"
        }
      ]
    }
  },
  "summaryLog": "Build completed successfully for job dc882593-e5c1-4521-9787-f28822ccb06b\nGenerated from prompt: \"Test prompt 3\"\nAll 5 stages passed: GENERATION → ASSEMBLY → LINT → TEST → BUNDLE\nPreview available at: /previews/dc882593-e5c1-4521-9787-f28822ccb06b/index.html"
}