{
  "jobId": "f481ca9c-67e4-49ee-8a35-a92271d9abe3",
  "currentStage": "BUNDLE",
  "stages": {
    "GENERATION": {
      "stage": "GENERATION",
      "status": "success",
      "logs": [
        {
          "timestamp": "2025-10-13T14:53:58.078Z",
          "level": "info",
          "message": "Starting AI generation...",
          "details": "Prompt: \"test portfolio website\""
        },
        {
          "timestamp": "2025-10-13T14:53:59.941Z",
          "level": "info",
          "message": "AI generation complete"
        }
      ],
      "startedAt": "2025-10-13T14:53:58.074Z",
      "completedAt": "2025-10-13T14:53:59.943Z"
    },
    "ASSEMBLY": {
      "stage": "ASSEMBLY",
      "status": "success",
      "logs": [
        {
          "timestamp": "2025-10-13T14:53:59.946Z",
          "level": "info",
          "message": "Assembling files and components..."
        },
        {
          "timestamp": "2025-10-13T14:53:59.950Z",
          "level": "info",
          "message": "Preview HTML generated"
        }
      ],
      "startedAt": "2025-10-13T14:53:59.944Z",
      "completedAt": "2025-10-13T14:53:59.952Z",
      "artifacts": [
        {
          "label": "Preview HTML",
          "url": "/previews/f481ca9c-67e4-49ee-8a35-a92271d9abe3/index.html"
        }
      ]
    },
    "LINT": {
      "stage": "LINT",
      "status": "success",
      "logs": [
        {
          "timestamp": "2025-10-13T14:53:59.958Z",
          "level": "info",
          "message": "Running code quality checks..."
        },
        {
          "timestamp": "2025-10-13T14:54:00.262Z",
          "level": "info",
          "message": "HTML structure validated"
        },
        {
          "timestamp": "2025-10-13T14:54:00.264Z",
          "level": "info",
          "message": "CSS syntax checked"
        }
      ],
      "startedAt": "2025-10-13T14:53:59.956Z",
      "completedAt": "2025-10-13T14:54:00.266Z"
    },
    "TEST": {
      "stage": "TEST",
      "status": "success",
      "logs": [
        {
          "timestamp": "2025-10-13T14:54:00.269Z",
          "level": "info",
          "message": "Running basic tests..."
        },
        {
          "timestamp": "2025-10-13T14:54:00.671Z",
          "level": "info",
          "message": "Responsive design check: passed"
        },
        {
          "timestamp": "2025-10-13T14:54:00.673Z",
          "level": "info",
          "message": "Accessibility validation: passed"
        }
      ],
      "startedAt": "2025-10-13T14:54:00.267Z",
      "completedAt": "2025-10-13T14:54:00.675Z"
    },
    "BUNDLE": {
      "stage": "BUNDLE",
      "status": "success",
      "logs": [
        {
          "timestamp": "2025-10-13T14:54:00.679Z",
          "level": "info",
          "message": "Finalizing bundle..."
        },
        {
          "timestamp": "2025-10-13T14:54:00.983Z",
          "level": "info",
          "message": "Assets optimized"
        },
        {
          "timestamp": "2025-10-13T14:54:00.985Z",
          "level": "info",
          "message": "Bundle complete"
        }
      ],
      "startedAt": "2025-10-13T14:54:00.677Z",
      "completedAt": "2025-10-13T14:54:00.987Z",
      "artifacts": [
        {
          "label": "Final Build",
          "url": "/previews/f481ca9c-67e4-49ee-8a35-a92271d9abe3/index.html"
        }
      ]
    }
  },
  "summaryLog": "Build completed successfully for job f481ca9c-67e4-49ee-8a35-a92271d9abe3\nGenerated from prompt: \"test portfolio website\"\nAll 5 stages passed: GENERATION → ASSEMBLY → LINT → TEST → BUNDLE\nPreview available at: /previews/f481ca9c-67e4-49ee-8a35-a92271d9abe3/index.html"
}