{
  "jobId": "5ff50593-ade0-4f84-bae6-a2150fa6a70a",
  "currentStage": "BUNDLE",
  "stages": {
    "GENERATION": {
      "stage": "GENERATION",
      "status": "success",
      "logs": [
        {
          "timestamp": "2025-10-13T05:38:24.783Z",
          "level": "info",
          "message": "Starting AI generation...",
          "details": "Prompt: \"Test prompt 3\""
        },
        {
          "timestamp": "2025-10-13T05:38:25.873Z",
          "level": "info",
          "message": "AI generation complete"
        }
      ],
      "startedAt": "2025-10-13T05:38:24.776Z",
      "completedAt": "2025-10-13T05:38:25.877Z"
    },
    "ASSEMBLY": {
      "stage": "ASSEMBLY",
      "status": "success",
      "logs": [
        {
          "timestamp": "2025-10-13T05:38:25.880Z",
          "level": "info",
          "message": "Assembling files and components..."
        },
        {
          "timestamp": "2025-10-13T05:38:25.882Z",
          "level": "info",
          "message": "Preview HTML generated"
        }
      ],
      "startedAt": "2025-10-13T05:38:25.879Z",
      "completedAt": "2025-10-13T05:38:25.883Z",
      "artifacts": [
        {
          "label": "Preview HTML",
          "url": "/previews/5ff50593-ade0-4f84-bae6-a2150fa6a70a/index.html"
        }
      ]
    },
    "LINT": {
      "stage": "LINT",
      "status": "success",
      "logs": [
        {
          "timestamp": "2025-10-13T05:38:25.891Z",
          "level": "info",
          "message": "Running code quality checks..."
        },
        {
          "timestamp": "2025-10-13T05:38:26.193Z",
          "level": "info",
          "message": "HTML structure validated"
        },
        {
          "timestamp": "2025-10-13T05:38:26.195Z",
          "level": "info",
          "message": "CSS syntax checked"
        }
      ],
      "startedAt": "2025-10-13T05:38:25.886Z",
      "completedAt": "2025-10-13T05:38:26.196Z"
    },
    "TEST": {
      "stage": "TEST",
      "status": "success",
      "logs": [
        {
          "timestamp": "2025-10-13T05:38:26.198Z",
          "level": "info",
          "message": "Running basic tests..."
        },
        {
          "timestamp": "2025-10-13T05:38:26.599Z",
          "level": "info",
          "message": "Responsive design check: passed"
        },
        {
          "timestamp": "2025-10-13T05:38:26.600Z",
          "level": "info",
          "message": "Accessibility validation: passed"
        }
      ],
      "startedAt": "2025-10-13T05:38:26.197Z",
      "completedAt": "2025-10-13T05:38:26.601Z"
    },
    "BUNDLE": {
      "stage": "BUNDLE",
      "status": "success",
      "logs": [
        {
          "timestamp": "2025-10-13T05:38:26.603Z",
          "level": "info",
          "message": "Finalizing bundle..."
        },
        {
          "timestamp": "2025-10-13T05:38:26.904Z",
          "level": "info",
          "message": "Assets optimized"
        },
        {
          "timestamp": "2025-10-13T05:38:26.905Z",
          "level": "info",
          "message": "Bundle complete"
        }
      ],
      "startedAt": "2025-10-13T05:38:26.602Z",
      "completedAt": "2025-10-13T05:38:26.905Z",
      "artifacts": [
        {
          "label": "Final Build",
          "url": "/previews/5ff50593-ade0-4f84-bae6-a2150fa6a70a/index.html"
        }
      ]
    }
  },
  "summaryLog": "Build completed successfully for job 5ff50593-ade0-4f84-bae6-a2150fa6a70a\nGenerated from prompt: \"Test prompt 3\"\nAll 5 stages passed: GENERATION → ASSEMBLY → LINT → TEST → BUNDLE\nPreview available at: /previews/5ff50593-ade0-4f84-bae6-a2150fa6a70a/index.html"
}