{
  "jobId": "30c91434-6e39-4093-840b-29fdd7162874",
  "currentStage": "BUNDLE",
  "stages": {
    "GENERATION": {
      "stage": "GENERATION",
      "status": "success",
      "logs": [
        {
          "timestamp": "2025-10-13T05:52:07.396Z",
          "level": "info",
          "message": "Starting AI generation...",
          "details": "Prompt: \"security test\""
        },
        {
          "timestamp": "2025-10-13T05:52:09.174Z",
          "level": "info",
          "message": "AI generation complete"
        }
      ],
      "startedAt": "2025-10-13T05:52:07.395Z",
      "completedAt": "2025-10-13T05:52:09.175Z"
    },
    "ASSEMBLY": {
      "stage": "ASSEMBLY",
      "status": "success",
      "logs": [
        {
          "timestamp": "2025-10-13T05:52:09.180Z",
          "level": "info",
          "message": "Assembling files and components..."
        },
        {
          "timestamp": "2025-10-13T05:52:09.185Z",
          "level": "info",
          "message": "Preview HTML generated"
        }
      ],
      "startedAt": "2025-10-13T05:52:09.177Z",
      "completedAt": "2025-10-13T05:52:09.204Z",
      "artifacts": [
        {
          "label": "Preview HTML",
          "url": "/previews/30c91434-6e39-4093-840b-29fdd7162874/index.html"
        }
      ]
    },
    "LINT": {
      "stage": "LINT",
      "status": "success",
      "logs": [
        {
          "timestamp": "2025-10-13T05:52:09.239Z",
          "level": "info",
          "message": "Running code quality checks..."
        },
        {
          "timestamp": "2025-10-13T05:52:09.543Z",
          "level": "info",
          "message": "HTML structure validated"
        },
        {
          "timestamp": "2025-10-13T05:52:09.543Z",
          "level": "info",
          "message": "CSS syntax checked"
        }
      ],
      "startedAt": "2025-10-13T05:52:09.237Z",
      "completedAt": "2025-10-13T05:52:09.544Z"
    },
    "TEST": {
      "stage": "TEST",
      "status": "success",
      "logs": [
        {
          "timestamp": "2025-10-13T05:52:09.551Z",
          "level": "info",
          "message": "Running basic tests..."
        },
        {
          "timestamp": "2025-10-13T05:52:09.954Z",
          "level": "info",
          "message": "Responsive design check: passed"
        },
        {
          "timestamp": "2025-10-13T05:52:09.955Z",
          "level": "info",
          "message": "Accessibility validation: passed"
        }
      ],
      "startedAt": "2025-10-13T05:52:09.550Z",
      "completedAt": "2025-10-13T05:52:09.956Z"
    },
    "BUNDLE": {
      "stage": "BUNDLE",
      "status": "success",
      "logs": [
        {
          "timestamp": "2025-10-13T05:52:09.959Z",
          "level": "info",
          "message": "Finalizing bundle..."
        },
        {
          "timestamp": "2025-10-13T05:52:10.263Z",
          "level": "info",
          "message": "Assets optimized"
        },
        {
          "timestamp": "2025-10-13T05:52:10.264Z",
          "level": "info",
          "message": "Bundle complete"
        }
      ],
      "startedAt": "2025-10-13T05:52:09.959Z",
      "completedAt": "2025-10-13T05:52:10.267Z",
      "artifacts": [
        {
          "label": "Final Build",
          "url": "/previews/30c91434-6e39-4093-840b-29fdd7162874/index.html"
        }
      ]
    }
  },
  "summaryLog": "Build completed successfully for job 30c91434-6e39-4093-840b-29fdd7162874\nGenerated from prompt: \"security test\"\nAll 5 stages passed: GENERATION → ASSEMBLY → LINT → TEST → BUNDLE\nPreview available at: /previews/30c91434-6e39-4093-840b-29fdd7162874/index.html"
}