{
  "jobId": "4d919397-df70-43c0-b135-8bd201a24cfc",
  "currentStage": "BUNDLE",
  "stages": {
    "GENERATION": {
      "stage": "GENERATION",
      "status": "success",
      "logs": [
        {
          "timestamp": "2025-10-13T14:53:57.869Z",
          "level": "info",
          "message": "Starting AI generation...",
          "details": "Prompt: \"Test prompt 3\""
        },
        {
          "timestamp": "2025-10-13T14:53:59.727Z",
          "level": "info",
          "message": "AI generation complete"
        }
      ],
      "startedAt": "2025-10-13T14:53:57.867Z",
      "completedAt": "2025-10-13T14:53:59.729Z"
    },
    "ASSEMBLY": {
      "stage": "ASSEMBLY",
      "status": "success",
      "logs": [
        {
          "timestamp": "2025-10-13T14:53:59.735Z",
          "level": "info",
          "message": "Assembling files and components..."
        },
        {
          "timestamp": "2025-10-13T14:53:59.742Z",
          "level": "info",
          "message": "Preview HTML generated"
        }
      ],
      "startedAt": "2025-10-13T14:53:59.732Z",
      "completedAt": "2025-10-13T14:53:59.745Z",
      "artifacts": [
        {
          "label": "Preview HTML",
          "url": "/previews/4d919397-df70-43c0-b135-8bd201a24cfc/index.html"
        }
      ]
    },
    "LINT": {
      "stage": "LINT",
      "status": "success",
      "logs": [
        {
          "timestamp": "2025-10-13T14:53:59.752Z",
          "level": "info",
          "message": "Running code quality checks..."
        },
        {
          "timestamp": "2025-10-13T14:54:00.055Z",
          "level": "info",
          "message": "HTML structure validated"
        },
        {
          "timestamp": "2025-10-13T14:54:00.057Z",
          "level": "info",
          "message": "CSS syntax checked"
        }
      ],
      "startedAt": "2025-10-13T14:53:59.750Z",
      "completedAt": "2025-10-13T14:54:00.059Z"
    },
    "TEST": {
      "stage": "TEST",
      "status": "success",
      "logs": [
        {
          "timestamp": "2025-10-13T14:54:00.062Z",
          "level": "info",
          "message": "Running basic tests..."
        },
        {
          "timestamp": "2025-10-13T14:54:00.465Z",
          "level": "info",
          "message": "Responsive design check: passed"
        },
        {
          "timestamp": "2025-10-13T14:54:00.467Z",
          "level": "info",
          "message": "Accessibility validation: passed"
        }
      ],
      "startedAt": "2025-10-13T14:54:00.061Z",
      "completedAt": "2025-10-13T14:54:00.479Z"
    },
    "BUNDLE": {
      "stage": "BUNDLE",
      "status": "success",
      "logs": [
        {
          "timestamp": "2025-10-13T14:54:00.482Z",
          "level": "info",
          "message": "Finalizing bundle..."
        },
        {
          "timestamp": "2025-10-13T14:54:00.793Z",
          "level": "info",
          "message": "Assets optimized"
        },
        {
          "timestamp": "2025-10-13T14:54:00.804Z",
          "level": "info",
          "message": "Bundle complete"
        }
      ],
      "startedAt": "2025-10-13T14:54:00.481Z",
      "completedAt": "2025-10-13T14:54:00.807Z",
      "artifacts": [
        {
          "label": "Final Build",
          "url": "/previews/4d919397-df70-43c0-b135-8bd201a24cfc/index.html"
        }
      ]
    }
  },
  "summaryLog": "Build completed successfully for job 4d919397-df70-43c0-b135-8bd201a24cfc\nGenerated from prompt: \"Test prompt 3\"\nAll 5 stages passed: GENERATION → ASSEMBLY → LINT → TEST → BUNDLE\nPreview available at: /previews/4d919397-df70-43c0-b135-8bd201a24cfc/index.html"
}