{
  "jobId": "7f451b94-dbb9-4083-a1c6-343af982f640",
  "currentStage": "BUNDLE",
  "stages": {
    "GENERATION": {
      "stage": "GENERATION",
      "status": "success",
      "logs": [
        {
          "timestamp": "2025-10-13T14:57:18.289Z",
          "level": "info",
          "message": "Starting AI generation...",
          "details": "Prompt: \"Test UUID roundtrip integrity\""
        },
        {
          "timestamp": "2025-10-13T14:57:19.316Z",
          "level": "info",
          "message": "AI generation complete"
        }
      ],
      "startedAt": "2025-10-13T14:57:18.285Z",
      "completedAt": "2025-10-13T14:57:19.318Z"
    },
    "ASSEMBLY": {
      "stage": "ASSEMBLY",
      "status": "success",
      "logs": [
        {
          "timestamp": "2025-10-13T14:57:19.322Z",
          "level": "info",
          "message": "Assembling files and components..."
        },
        {
          "timestamp": "2025-10-13T14:57:19.327Z",
          "level": "info",
          "message": "Preview HTML generated"
        }
      ],
      "startedAt": "2025-10-13T14:57:19.320Z",
      "completedAt": "2025-10-13T14:57:19.329Z",
      "artifacts": [
        {
          "label": "Preview HTML",
          "url": "/previews/7f451b94-dbb9-4083-a1c6-343af982f640/index.html"
        }
      ]
    },
    "LINT": {
      "stage": "LINT",
      "status": "success",
      "logs": [
        {
          "timestamp": "2025-10-13T14:57:19.336Z",
          "level": "info",
          "message": "Running code quality checks..."
        },
        {
          "timestamp": "2025-10-13T14:57:19.640Z",
          "level": "info",
          "message": "HTML structure validated"
        },
        {
          "timestamp": "2025-10-13T14:57:19.642Z",
          "level": "info",
          "message": "CSS syntax checked"
        }
      ],
      "startedAt": "2025-10-13T14:57:19.334Z",
      "completedAt": "2025-10-13T14:57:19.644Z"
    },
    "TEST": {
      "stage": "TEST",
      "status": "success",
      "logs": [
        {
          "timestamp": "2025-10-13T14:57:19.648Z",
          "level": "info",
          "message": "Running basic tests..."
        },
        {
          "timestamp": "2025-10-13T14:57:20.050Z",
          "level": "info",
          "message": "Responsive design check: passed"
        },
        {
          "timestamp": "2025-10-13T14:57:20.052Z",
          "level": "info",
          "message": "Accessibility validation: passed"
        }
      ],
      "startedAt": "2025-10-13T14:57:19.646Z",
      "completedAt": "2025-10-13T14:57:20.054Z"
    },
    "BUNDLE": {
      "stage": "BUNDLE",
      "status": "success",
      "logs": [
        {
          "timestamp": "2025-10-13T14:57:20.058Z",
          "level": "info",
          "message": "Finalizing bundle..."
        },
        {
          "timestamp": "2025-10-13T14:57:20.361Z",
          "level": "info",
          "message": "Assets optimized"
        },
        {
          "timestamp": "2025-10-13T14:57:20.364Z",
          "level": "info",
          "message": "Bundle complete"
        }
      ],
      "startedAt": "2025-10-13T14:57:20.056Z",
      "completedAt": "2025-10-13T14:57:20.366Z",
      "artifacts": [
        {
          "label": "Final Build",
          "url": "/previews/7f451b94-dbb9-4083-a1c6-343af982f640/index.html"
        }
      ]
    }
  },
  "summaryLog": "Build completed successfully for job 7f451b94-dbb9-4083-a1c6-343af982f640\nGenerated from prompt: \"Test UUID roundtrip integrity\"\nAll 5 stages passed: GENERATION → ASSEMBLY → LINT → TEST → BUNDLE\nPreview available at: /previews/7f451b94-dbb9-4083-a1c6-343af982f640/index.html"
}